name,group,year,value
中国香港特别行政区,高收入国家,1960,66.96168293
中国香港特别行政区,高收入国家,1961,67.5487561
中国香港特别行政区,高收入国家,1962,68.10597561
中国香港特别行政区,高收入国家,1963,68.62585366
中国香港特别行政区,高收入国家,1964,69.10436585
中国香港特别行政区,高收入国家,1965,69.54287805
中国香港特别行政区,高收入国家,1966,69.94621951
中国香港特别行政区,高收入国家,1967,70.32578049
中国香港特别行政区,高收入国家,1968,70.69053659
中国香港特别行政区,高收入国家,1969,71.04456098
中国香港特别行政区,高收入国家,1970,71.3865122
中国香港特别行政区,高收入国家,1971,71.45853659
中国香港特别行政区,高收入国家,1972,71.45609756
中国香港特别行政区,高收入国家,1973,72.1097561
中国香港特别行政区,高收入国家,1974,72.61219512
中国香港特别行政区,高收入国家,1975,73.36829268
中国香港特别行政区,高收入国家,1976,72.8195122
中国香港特别行政区,高收入国家,1977,73.3195122
中国香港特别行政区,高收入国家,1978,73.57560976
中国香港特别行政区,高收入国家,1979,73.67317073
中国香港特别行政区,高收入国家,1980,74.67317073
中国香港特别行政区,高收入国家,1981,75.32439024
中国香港特别行政区,高收入国家,1982,75.42926829
中国香港特别行政区,高收入国家,1983,75.27560976
中国香港特别行政区,高收入国家,1984,76.02926829
中国香港特别行政区,高收入国家,1985,76.43414634
中国香港特别行政区,高收入国家,1986,76.68536585
中国香港特别行政区,高收入国家,1987,76.88292683
中国香港特别行政区,高收入国家,1988,77.08292683
中国香港特别行政区,高收入国家,1989,77.02926829
中国香港特别行政区,高收入国家,1990,77.3804878
中国香港特别行政区,高收入国家,1991,77.88292683
中国香港特别行政区,高收入国家,1992,77.67804878
中国香港特别行政区,高收入国家,1993,78.03170732
中国香港特别行政区,高收入国家,1994,78.52926829
中国香港特别行政区,高收入国家,1995,78.68292683
中国香港特别行政区,高收入国家,1996,79.62682927
中国香港特别行政区,高收入国家,1997,80.12682927
中国香港特别行政区,高收入国家,1998,80.13170732
中国香港特别行政区,高收入国家,1999,80.38292683
中国香港特别行政区,高收入国家,2000,80.87804878
中国香港特别行政区,高收入国家,2001,81.42439024
中国香港特别行政区,高收入国家,2002,81.42682927
中国香港特别行政区,高收入国家,2003,81.37804878
中国香港特别行政区,高收入国家,2004,81.82926829
中国香港特别行政区,高收入国家,2005,81.62926829
中国香港特别行政区,高收入国家,2006,82.37560976
中国香港特别行政区,高收入国家,2007,82.32682927
中国香港特别行政区,高收入国家,2008,82.37560976
中国香港特别行政区,高收入国家,2009,82.77560976
中国香港特别行政区,高收入国家,2010,82.97804878
中国香港特别行政区,高收入国家,2011,83.42195122
中国香港特别行政区,高收入国家,2012,83.4804878
中国香港特别行政区,高收入国家,2013,83.83170732
中国香港特别行政区,高收入国家,2014,83.9804878
中国香港特别行政区,高收入国家,2015,84.27804878
中国香港特别行政区,高收入国家,2016,84.22682927
中国香港特别行政区,高收入国家,2017,84.6804878
日本,高收入国家,1960,67.66609756
日本,高收入国家,1961,68.31
日本,高收入国家,1962,68.59487805
日本,高收入国家,1963,69.65804878
日本,高收入国家,1964,70.13243902
日本,高收入国家,1965,70.20195122
日本,高收入国家,1966,70.98658537
日本,高收入国家,1967,71.27658537
日本,高收入国家,1968,71.61121951
日本,高收入国家,1969,71.83878049
日本,高收入国家,1970,71.9502439
日本,高收入国家,1971,72.88292683
日本,高收入国家,1972,73.50658537
日本,高收入国家,1973,73.75756098
日本,高收入国家,1974,74.39390244
日本,高收入国家,1975,75.05731707
日本,高收入国家,1976,75.45682927
日本,高收入国家,1977,75.89829268
日本,高收入国家,1978,76.03829268
日本,高收入国家,1979,76.33756098
日本,高收入国家,1980,76.09170732
日本,高收入国家,1981,76.41439024
日本,高收入国家,1982,76.92292683
日本,高收入国家,1983,76.96146341
日本,高收入国家,1984,77.36536585
日本,高收入国家,1985,77.6504878
日本,高收入国家,1986,78.06463415
日本,高收入国家,1987,78.48365854
日本,高收入国家,1988,78.39926829
日本,高收入国家,1989,78.81804878
日本,高收入国家,1990,78.83682927
日本,高收入国家,1991,79.10073171
日本,高收入国家,1992,79.15390244
日本,高收入国家,1993,79.29365854
日本,高收入国家,1994,79.68707317
日本,高收入国家,1995,79.53634146
日本,高收入国家,1996,80.2002439
日本,高收入国家,1997,80.42414634
日本,高收入国家,1998,80.50146341
日本,高收入国家,1999,80.57073171
日本,高收入国家,2000,81.07609756
日本,高收入国家,2001,81.41707317
日本,高收入国家,2002,81.56341463
日本,高收入国家,2003,81.76
日本,高收入国家,2004,82.0302439
日本,高收入国家,2005,81.92512195
日本,高收入国家,2006,82.32195122
日本,高收入国家,2007,82.50707317
日本,高收入国家,2008,82.58756098
日本,高收入国家,2009,82.93146341
日本,高收入国家,2010,82.84268293
日本,高收入国家,2011,82.59121951
日本,高收入国家,2012,83.09609756
日本,高收入国家,2013,83.33195122
日本,高收入国家,2014,83.58780488
日本,高收入国家,2015,83.79390244
日本,高收入国家,2016,83.98487805
日本,高收入国家,2017,84.0997561
中国澳门特别行政区,高收入国家,1960,64.828
中国澳门特别行政区,高收入国家,1961,65.301
中国澳门特别行政区,高收入国家,1962,65.757
中国澳门特别行政区,高收入国家,1963,66.199
中国澳门特别行政区,高收入国家,1964,66.629
中国澳门特别行政区,高收入国家,1965,67.055
中国澳门特别行政区,高收入国家,1966,67.486
中国澳门特别行政区,高收入国家,1967,67.928
中国澳门特别行政区,高收入国家,1968,68.388
中国澳门特别行政区,高收入国家,1969,68.865
中国澳门特别行政区,高收入国家,1970,69.36
中国澳门特别行政区,高收入国家,1971,69.869
中国澳门特别行政区,高收入国家,1972,70.384
中国澳门特别行政区,高收入国家,1973,70.897
中国澳门特别行政区,高收入国家,1974,71.4
中国澳门特别行政区,高收入国家,1975,71.887
中国澳门特别行政区,高收入国家,1976,72.352
中国澳门特别行政区,高收入国家,1977,72.793
中国澳门特别行政区,高收入国家,1978,73.209
中国澳门特别行政区,高收入国家,1979,73.602
中国澳门特别行政区,高收入国家,1980,73.974
中国澳门特别行政区,高收入国家,1981,74.33
中国澳门特别行政区,高收入国家,1982,74.677
中国澳门特别行政区,高收入国家,1983,75.02
中国澳门特别行政区,高收入国家,1984,75.362
中国澳门特别行政区,高收入国家,1985,75.702
中国澳门特别行政区,高收入国家,1986,76.036
中国澳门特别行政区,高收入国家,1987,76.363
中国澳门特别行政区,高收入国家,1988,76.68
中国澳门特别行政区,高收入国家,1989,76.99
中国澳门特别行政区,高收入国家,1990,77.296
中国澳门特别行政区,高收入国家,1991,77.607
中国澳门特别行政区,高收入国家,1992,77.926
中国澳门特别行政区,高收入国家,1993,78.253
中国澳门特别行政区,高收入国家,1994,78.588
中国澳门特别行政区,高收入国家,1995,78.925
中国澳门特别行政区,高收入国家,1996,79.256
中国澳门特别行政区,高收入国家,1997,79.573
中国澳门特别行政区,高收入国家,1998,79.872
中国澳门特别行政区,高收入国家,1999,80.15
中国澳门特别行政区,高收入国家,2000,80.407
中国澳门特别行政区,高收入国家,2001,80.645
中国澳门特别行政区,高收入国家,2002,80.87
中国澳门特别行政区,高收入国家,2003,81.089
中国澳门特别行政区,高收入国家,2004,81.304
中国澳门特别行政区,高收入国家,2005,81.523
中国澳门特别行政区,高收入国家,2006,81.748
中国澳门特别行政区,高收入国家,2007,81.981
中国澳门特别行政区,高收入国家,2008,82.22
中国澳门特别行政区,高收入国家,2009,82.462
中国澳门特别行政区,高收入国家,2010,82.704
中国澳门特别行政区,高收入国家,2011,82.938
中国澳门特别行政区,高收入国家,2012,83.158
中国澳门特别行政区,高收入国家,2013,83.361
中国澳门特别行政区,高收入国家,2014,83.543
中国澳门特别行政区,高收入国家,2015,83.707
中国澳门特别行政区,高收入国家,2016,83.854
中国澳门特别行政区,高收入国家,2017,83.989
瑞士,高收入国家,1960,71.31341463
瑞士,高收入国家,1961,71.64487805
瑞士,高收入国家,1962,71.19609756
瑞士,高收入国家,1963,71.18756098
瑞士,高收入国家,1964,72.07780488
瑞士,高收入国家,1965,72.20170732
瑞士,高收入国家,1966,72.33560976
瑞士,高收入国家,1967,72.63658537
瑞士,高收入国家,1968,72.5902439
瑞士,高收入国家,1969,72.61268293
瑞士,高收入国家,1970,73.0202439
瑞士,高收入国家,1971,73.13073171
瑞士,高收入国家,1972,73.64439024
瑞士,高收入国家,1973,73.94097561
瑞士,高收入国家,1974,74.28707317
瑞士,高收入国家,1975,74.66560976
瑞士,高收入国家,1976,74.78536585
瑞士,高收入国家,1977,75.23804878
瑞士,高收入国家,1978,75.18731707
瑞士,高收入国家,1979,75.46609756
瑞士,高收入国家,1980,75.45926829
瑞士,高收入国家,1981,75.69317073
瑞士,高收入国家,1982,76.03390244
瑞士,高收入国家,1983,76.03121951
瑞士,高收入国家,1984,76.60853659
瑞士,高收入国家,1985,76.73365854
瑞士,高收入国家,1986,76.89902439
瑞士,高收入国家,1987,77.19756098
瑞士,高收入国家,1988,77.22658537
瑞士,高收入国家,1989,77.42121951
瑞士,高收入国家,1990,77.24243902
瑞士,高收入国家,1991,77.51463415
瑞士,高收入国家,1992,77.80609756
瑞士,高收入国家,1993,78.08536585
瑞士,高收入国家,1994,78.35
瑞士,高收入国家,1995,78.41707317
瑞士,高收入国家,1996,78.89609756
瑞士,高收入国家,1997,79.0795122
瑞士,高收入国家,1998,79.32439024
瑞士,高收入国家,1999,79.5804878
瑞士,高收入国家,2000,79.6804878
瑞士,高收入国家,2001,80.1804878
瑞士,高收入国家,2002,80.38536585
瑞士,高收入国家,2003,80.53658537
瑞士,高收入国家,2004,81.08780488
瑞士,高收入国家,2005,81.23658537
瑞士,高收入国家,2006,81.4902439
瑞士,高收入国家,2007,81.74146341
瑞士,高收入国家,2008,81.99268293
瑞士,高收入国家,2009,82.04390244
瑞士,高收入国家,2010,82.24634146
瑞士,高收入国家,2011,82.69512195
瑞士,高收入国家,2012,82.69756098
瑞士,高收入国家,2013,82.79756098
瑞士,高收入国家,2014,83.19756098
瑞士,高收入国家,2015,82.89756098
瑞士,高收入国家,2016,83.60243902
瑞士,高收入国家,2017,83.60243902
西班牙,高收入国家,1960,69.10926829
西班牙,高收入国家,1961,69.4804878
西班牙,高收入国家,1962,69.51902439
西班牙,高收入国家,1963,69.68121951
西班牙,高收入国家,1964,70.3997561
西班牙,高收入国家,1965,70.80926829
西班牙,高收入国家,1966,71.05512195
西班牙,高收入国家,1967,71.25292683
西班牙,高收入国家,1968,71.53780488
西班牙,高收入国家,1969,71.05756098
西班牙,高收入国家,1970,72.02731707
西班牙,高收入国家,1971,71.6302439
西班牙,高收入国家,1972,72.81804878
西班牙,高收入国家,1973,72.61073171
西班牙,高收入国家,1974,72.9697561
西班牙,高收入国家,1975,73.31878049
西班牙,高收入国家,1976,73.64268293
西班牙,高收入国家,1977,74.13195122
西班牙,高收入国家,1978,74.29560976
西班牙,高收入国家,1979,74.81878049
西班牙,高收入国家,1980,75.34926829
西班牙,高收入国家,1981,75.52853659
西班牙,高收入国家,1982,76.13414634
西班牙,高收入国家,1983,75.90902439
西班牙,高收入国家,1984,76.29536585
西班牙,高收入国家,1985,76.2595122
西班牙,高收入国家,1986,76.5104878
西班牙,高收入国家,1987,76.72804878
西班牙,高收入国家,1988,76.74707317
西班牙,高收入国家,1989,76.81365854
西班牙,高收入国家,1990,76.83756098
西班牙,高收入国家,1991,76.97121951
西班牙,高收入国家,1992,77.41
西班牙,高收入国家,1993,77.54658537
西班牙,高收入国家,1994,77.90146341
西班牙,高收入国家,1995,77.98073171
西班牙,高收入国家,1996,78.1204878
西班牙,高收入国家,1997,78.60414634
西班牙,高收入国家,1998,78.66585366
西班牙,高收入国家,1999,78.71707317
西班牙,高收入国家,2000,78.96585366
西班牙,高收入国家,2001,79.36829268
西班牙,高收入国家,2002,79.56829268
西班牙,高收入国家,2003,79.6195122
西班牙,高收入国家,2004,79.87073171
西班牙,高收入国家,2005,80.17073171
西班牙,高收入国家,2006,80.82195122
西班牙,高收入国家,2007,80.87317073
西班牙,高收入国家,2008,81.17560976
西班牙,高收入国家,2009,81.47560976
西班牙,高收入国家,2010,81.62682927
西班牙,高收入国家,2011,82.47560976
西班牙,高收入国家,2012,82.42682927
西班牙,高收入国家,2013,83.07804878
西班牙,高收入国家,2014,83.22926829
西班牙,高收入国家,2015,82.83170732
西班牙,高收入国家,2016,83.32926829
西班牙,高收入国家,2017,83.32926829
意大利,高收入国家,1960,69.12390244
意大利,高收入国家,1961,69.7602439
意大利,高收入国家,1962,69.1497561
意大利,高收入国家,1963,69.24804878
意大利,高收入国家,1964,70.31170732
意大利,高收入国家,1965,70.17170732
意大利,高收入国家,1966,70.92609756
意大利,高收入国家,1967,70.95658537
意大利,高收入国家,1968,70.78
意大利,高收入国家,1969,70.81195122
意大利,高收入国家,1970,71.55878049
意大利,高收入国家,1971,71.80682927
意大利,高收入国家,1972,72.07536585
意大利,高收入国家,1973,72.02634146
意大利,高收入国家,1974,72.73439024
意大利,高收入国家,1975,72.64731707
意大利,高收入国家,1976,72.99195122
意大利,高收入国家,1977,73.36463415
意大利,高收入国家,1978,73.69317073
意大利,高收入国家,1979,74.00268293
意大利,高收入国家,1980,73.94317073
意大利,高收入国家,1981,74.35390244
意大利,高收入国家,1982,74.81463415
意大利,高收入国家,1983,74.6402439
意大利,高收入国家,1984,75.3895122
意大利,高收入国家,1985,75.47073171
意大利,高收入国家,1986,75.77073171
意大利,高收入国家,1987,76.2195122
意大利,高收入国家,1988,76.37073171
意大利,高收入国家,1989,76.8195122
意大利,高收入国家,1990,76.97073171
意大利,高收入国家,1991,77.0195122
意大利,高收入国家,1992,77.4195122
意大利,高收入国家,1993,77.72195122
意大利,高收入国家,1994,77.92195122
意大利,高收入国家,1995,78.17073171
意大利,高收入国家,1996,78.52195122
意大利,高收入国家,1997,78.82439024
意大利,高收入国家,1998,78.97560976
意大利,高收入国家,1999,79.42439024
意大利,高收入国家,2000,79.77804878
意大利,高收入国家,2001,80.12682927
意大利,高收入国家,2002,80.22926829
意大利,高收入国家,2003,79.98292683
意大利,高收入国家,2004,80.7804878
意大利,高收入国家,2005,80.78292683
意大利,高收入国家,2006,81.28292683
意大利,高收入国家,2007,81.43414634
意大利,高收入国家,2008,81.48536585
意大利,高收入国家,2009,81.63658537
意大利,高收入国家,2010,82.03658537
意大利,高收入国家,2011,82.18780488
意大利,高收入国家,2012,82.23902439
意大利,高收入国家,2013,82.6902439
意大利,高收入国家,2014,83.0902439
意大利,高收入国家,2015,82.54390244
意大利,高收入国家,2016,83.24390244
意大利,高收入国家,2017,83.24390244
新加坡,高收入国家,1960,65.65982927
新加坡,高收入国家,1961,66.08719512
新加坡,高收入国家,1962,66.4322439
新加坡,高收入国家,1963,66.70080488
新加坡,高收入国家,1964,66.91021951
新加坡,高收入国家,1965,67.08580488
新加坡,高收入国家,1966,67.25595122
新加坡,高收入国家,1967,67.44573171
新加坡,高收入国家,1968,67.67373171
新加坡,高收入国家,1969,67.95107317
新加坡,高收入国家,1970,68.27941463
新加坡,高收入国家,1971,68.65046341
新加坡,高收入国家,1972,69.04290244
新加坡,高收入国家,1973,69.44031707
新加坡,高收入国家,1974,69.83478049
新加坡,高收入国家,1975,70.21970732
新加坡,高收入国家,1976,70.59397561
新加坡,高收入国家,1977,70.96090244
新加坡,高收入国家,1978,71.32334146
新加坡,高收入国家,1979,71.68273171
新加坡,高收入国家,1980,72.1902439
新加坡,高收入国家,1981,72.58780488
新加坡,高收入国家,1982,72.68780488
新加坡,高收入国家,1983,73.03658537
新加坡,高收入国家,1984,73.2902439
新加坡,高收入国家,1985,73.8902439
新加坡,高收入国家,1986,74.24634146
新加坡,高收入国家,1987,74.54878049
新加坡,高收入国家,1988,74.69756098
新加坡,高收入国家,1989,74.94634146
新加坡,高收入国家,1990,75.29512195
新加坡,高收入国家,1991,75.64634146
新加坡,高收入国家,1992,75.94634146
新加坡,高收入国家,1993,76.04634146
新加坡,高收入国家,1994,76.19756098
新加坡,高收入国家,1995,76.29512195
新加坡,高收入国家,1996,76.59512195
新加坡,高收入国家,1997,76.89756098
新加坡,高收入国家,1998,77.3
新加坡,高收入国家,1999,77.55121951
新加坡,高收入国家,2000,77.95121951
新加坡,高收入国家,2001,78.25121951
新加坡,高收入国家,2002,78.55121951
新加坡,高收入国家,2003,79.03902439
新加坡,高收入国家,2004,79.4902439
新加坡,高收入国家,2005,79.9902439
新加坡,高收入国家,2006,80.14146341
新加坡,高收入国家,2007,80.44146341
新加坡,高收入国家,2008,80.7902439
新加坡,高收入国家,2009,81.24146341
新加坡,高收入国家,2010,81.54146341
新加坡,高收入国家,2011,81.74390244
新加坡,高收入国家,2012,81.99512195
新加坡,高收入国家,2013,82.24634146
新加坡,高收入国家,2014,82.49512195
新加坡,高收入国家,2015,82.74390244
新加坡,高收入国家,2016,82.84634146
新加坡,高收入国家,2017,82.89512195
海峡群岛,高收入国家,1960,70.739
海峡群岛,高收入国家,1961,70.833
海峡群岛,高收入国家,1962,70.928
海峡群岛,高收入国家,1963,71.03
海峡群岛,高收入国家,1964,71.143
海峡群岛,高收入国家,1965,71.265
海峡群岛,高收入国家,1966,71.391
海峡群岛,高收入国家,1967,71.512
海峡群岛,高收入国家,1968,71.623
海峡群岛,高收入国家,1969,71.726
海峡群岛,高收入国家,1970,71.823
海峡群岛,高收入国家,1971,71.919
海峡群岛,高收入国家,1972,72.02
海峡群岛,高收入国家,1973,72.133
海峡群岛,高收入国家,1974,72.261
海峡群岛,高收入国家,1975,72.409
海峡群岛,高收入国家,1976,72.58
海峡群岛,高收入国家,1977,72.773
海峡群岛,高收入国家,1978,72.983
海峡群岛,高收入国家,1979,73.208
海峡群岛,高收入国家,1980,73.439
海峡群岛,高收入国家,1981,73.668
海峡群岛,高收入国家,1982,73.89
海峡群岛,高收入国家,1983,74.101
海峡群岛,高收入国家,1984,74.3
海峡群岛,高收入国家,1985,74.486
海峡群岛,高收入国家,1986,74.66
海峡群岛,高收入国家,1987,74.829
海峡群岛,高收入国家,1988,75.004
海峡群岛,高收入国家,1989,75.192
海峡群岛,高收入国家,1990,75.41
海峡群岛,高收入国家,1991,75.673
海峡群岛,高收入国家,1992,75.988
海峡群岛,高收入国家,1993,76.351
海峡群岛,高收入国家,1994,76.755
海峡群岛,高收入国家,1995,77.184
海峡群岛,高收入国家,1996,77.616
海峡群岛,高收入国家,1997,78.028
海峡群岛,高收入国家,1998,78.406
海峡群岛,高收入国家,1999,78.742
海峡群岛,高收入国家,2000,79.037
海峡群岛,高收入国家,2001,79.3
海峡群岛,高收入国家,2002,79.548
海峡群岛,高收入国家,2003,79.795
海峡群岛,高收入国家,2004,80.045
海峡群岛,高收入国家,2005,80.298
海峡群岛,高收入国家,2006,80.553
海峡群岛,高收入国家,2007,80.802
海峡群岛,高收入国家,2008,81.041
海峡群岛,高收入国家,2009,81.268
海峡群岛,高收入国家,2010,81.483
海峡群岛,高收入国家,2011,81.688
海峡群岛,高收入国家,2012,81.883
海峡群岛,高收入国家,2013,82.071
海峡群岛,高收入国家,2014,82.252
海峡群岛,高收入国家,2015,82.429
海峡群岛,高收入国家,2016,82.6
海峡群岛,高收入国家,2017,82.766
卢森堡,高收入国家,1960,68.44639024
卢森堡,高收入国家,1961,68.73773171
卢森堡,高收入国家,1962,68.99812195
卢森堡,高收入国家,1963,69.22307317
卢森堡,高收入国家,1964,69.41104878
卢森堡,高收入国家,1965,69.56102439
卢森堡,高收入国家,1966,69.67446341
卢森堡,高收入国家,1967,69.76134146
卢森堡,高收入国家,1968,69.83514634
卢森堡,高收入国家,1969,69.90485366
卢森堡,高收入国家,1970,69.98346341
卢森堡,高收入国家,1971,70.08143902
卢森堡,高收入国家,1972,70.20531707
卢森堡,高收入国家,1973,70.35817073
卢森堡,高收入国家,1974,70.54256098
卢森堡,高收入国家,1975,70.75760976
卢森堡,高收入国家,1976,70.9985122
卢森堡,高收入国家,1977,71.25629268
卢森堡,高收入国家,1978,71.52246341
卢森堡,高收入国家,1979,71.79446341
卢森堡,高收入国家,1980,72.07260976
卢森堡,高收入国家,1981,72.35768293
卢森堡,高收入国家,1982,72.65346341
卢森堡,高收入国家,1983,72.95887805
卢森堡,高收入国家,1984,73.27192683
卢森堡,高收入国家,1985,73.5857561
卢森堡,高收入国家,1986,73.89460976
卢森堡,高收入国家,1987,74.1937561
卢森堡,高收入国家,1988,74.48034146
卢森堡,高收入国家,1989,74.75241463
卢森堡,高收入国家,1990,75.01041463
卢森堡,高收入国家,1991,75.46341463
卢森堡,高收入国家,1992,75.77073171
卢森堡,高收入国家,1993,75.71219512
卢森堡,高收入国家,1994,76.37073171
卢森堡,高收入国家,1995,76.51219512
卢森堡,高收入国家,1996,76.5195122
卢森堡,高收入国家,1997,76.8804878
卢森堡,高收入国家,1998,77.01707317
卢森堡,高收入国家,1999,77.77073171
卢森堡,高收入国家,2000,77.87317073
卢森堡,高收入国家,2001,77.82439024
卢森堡,高收入国家,2002,77.96585366
卢森堡,高收入国家,2003,77.72682927
卢森堡,高收入国家,2004,79.12195122
卢森堡,高收入国家,2005,79.43170732
卢森堡,高收入国家,2006,79.28780488
卢森堡,高收入国家,2007,79.38292683
卢森堡,高收入国家,2008,80.53902439
卢森堡,高收入国家,2009,80.63658537
卢森堡,高收入国家,2010,80.63170732
卢森堡,高收入国家,2011,80.98780488
卢森堡,高收入国家,2012,81.39268293
卢森堡,高收入国家,2013,81.8
卢森堡,高收入国家,2014,82.22926829
卢森堡,高收入国家,2015,82.29268293
卢森堡,高收入国家,2016,82.68536585
卢森堡,高收入国家,2017,82.68536585
大韩民国,高收入国家,1960,55.41553659
大韩民国,高收入国家,1961,56.01497561
大韩民国,高收入国家,1962,56.51231707
大韩民国,高收入国家,1963,56.97060976
大韩民国,高收入国家,1964,57.44092683
大韩民国,高收入国家,1965,57.96829268
大韩民国,高收入国家,1966,58.57517073
大韩民国,高收入国家,1967,59.24146341
大韩民国,高收入国家,1968,59.94460976
大韩民国,高收入国家,1969,60.67502439
大韩民国,高收入国家,1970,62.16341463
大韩民国,高收入国家,1971,62.61219512
大韩民国,高收入国家,1972,63.0097561
大韩民国,高收入国家,1973,63.40731707
大韩民国,高收入国家,1974,63.80487805
大韩民国,高收入国家,1975,64.15365854
大韩民国,高收入国家,1976,64.50243902
大韩民国,高收入国家,1977,64.9
大韩民国,高收入国家,1978,65.19756098
大韩民国,高收入国家,1979,65.54634146
大韩民国,高收入国家,1980,66.04634146
大韩民国,高收入国家,1981,66.54634146
大韩民国,高收入国家,1982,67.09512195
大韩民国,高收入国家,1983,67.54634146
大韩民国,高收入国家,1984,68.19512195
大韩民国,高收入国家,1985,68.79512195
大韩民国,高收入国家,1986,69.44634146
大韩民国,高收入国家,1987,69.99756098
大韩民国,高收入国家,1988,70.54878049
大韩民国,高收入国家,1989,71.04878049
大韩民国,高收入国家,1990,71.59756098
大韩民国,高收入国家,1991,72.04634146
大韩民国,高收入国家,1992,72.49756098
大韩民国,高收入国家,1993,72.99756098
大韩民国,高收入国家,1994,73.39756098
大韩民国,高收入国家,1995,73.7
大韩民国,高收入国家,1996,74.15121951
大韩民国,高收入国家,1997,74.60243902
大韩民国,高收入国家,1998,75.00487805
大韩民国,高收入国家,1999,75.4097561
大韩民国,高收入国家,2000,75.9097561
大韩民国,高收入国家,2001,76.41219512
大韩民国,高收入国家,2002,76.76585366
大韩民国,高收入国家,2003,77.21463415
大韩民国,高收入国家,2004,77.66585366
大韩民国,高收入国家,2005,78.16829268
大韩民国,高收入国家,2006,78.66829268
大韩民国,高收入国家,2007,79.1195122
大韩民国,高收入国家,2008,79.51707317
大韩民国,高收入国家,2009,79.96829268
大韩民国,高收入国家,2010,80.11707317
大韩民国,高收入国家,2011,80.56829268
大韩民国,高收入国家,2012,80.8195122
大韩民国,高收入国家,2013,81.27073171
大韩民国,高收入国家,2014,81.72195122
大韩民国,高收入国家,2015,82.02439024
大韩民国,高收入国家,2016,82.27560976
大韩民国,高收入国家,2017,82.62682927
以色列,高收入国家,1961,72.00658537
以色列,高收入国家,1962,72.11219512
以色列,高收入国家,1966,72.28560976
以色列,高收入国家,1967,71.5097561
以色列,高收入国家,1968,71.05658537
以色列,高收入国家,1969,70.9704878
以色列,高收入国家,1970,71.21341463
以色列,高收入国家,1971,71.71902439
以色列,高收入国家,1972,71.07804878
以色列,高收入国家,1973,71.69341463
以色列,高收入国家,1974,71.66170732
以色列,高收入国家,1975,72.04512195
以色列,高收入国家,1976,72.95609756
以色列,高收入国家,1977,72.95853659
以色列,高收入国家,1978,73.20731707
以色列,高收入国家,1979,73.50731707
以色列,高收入国家,1980,73.87560976
以色列,高收入国家,1981,74.26097561
以色列,高收入国家,1982,74.1097561
以色列,高收入国家,1983,74.45853659
以色列,高收入国家,1984,74.80731707
以色列,高收入国家,1985,75.20731707
以色列,高收入国家,1986,74.95609756
以色列,高收入国家,1987,75.25853659
以色列,高收入国家,1988,74.43658537
以色列,高收入国家,1989,76.30731707
以色列,高收入国家,1990,76.60731707
以色列,高收入国家,1991,76.75853659
以色列,高收入国家,1992,76.50487805
以色列,高收入国家,1993,77.15365854
以色列,高收入国家,1994,77.40243902
以色列,高收入国家,1995,77.45121951
以色列,高收入国家,1996,78.10487805
以色列,高收入国家,1997,78
以色列,高收入国家,1998,78.14878049
以色列,高收入国家,1999,78.65853659
以色列,高收入国家,2000,78.95365854
以色列,高收入国家,2001,79.40731707
以色列,高收入国家,2002,79.45121951
以色列,高收入国家,2003,79.64878049
以色列,高收入国家,2004,80.14634146
以色列,高收入国家,2005,80.15121951
以色列,高收入国家,2006,80.55365854
以色列,高收入国家,2007,80.50487805
以色列,高收入国家,2008,80.95121951
以色列,高收入国家,2009,81.40487805
以色列,高收入国家,2010,81.60243902
以色列,高收入国家,2011,81.65609756
以色列,高收入国家,2012,81.70487805
以色列,高收入国家,2013,82.05609756
以色列,高收入国家,2014,82.15365854
以色列,高收入国家,2015,82.05121951
以色列,高收入国家,2016,82.40731707
以色列,高收入国家,2017,82.60243902
法国,高收入国家,1960,69.86829268
法国,高收入国家,1961,70.11707317
法国,高收入国家,1962,70.31463415
法国,高收入国家,1963,70.51463415
法国,高收入国家,1964,70.66341463
法国,高收入国家,1965,70.81219512
法国,高收入国家,1966,70.96097561
法国,高收入国家,1967,71.16097561
法国,高收入国家,1968,71.3097561
法国,高收入国家,1969,71.45853659
法国,高收入国家,1970,71.65853659
法国,高收入国家,1971,71.90731707
法国,高收入国家,1972,72.10731707
法国,高收入国家,1973,72.35609756
法国,高收入国家,1974,72.60487805
法国,高收入国家,1975,72.85365854
法国,高收入国家,1976,73.10243902
法国,高收入国家,1977,73.35121951
法国,高收入国家,1978,73.60243902
法国,高收入国家,1979,73.85121951
法国,高收入国家,1980,74.05121951
法国,高收入国家,1981,74.3
法国,高收入国家,1982,74.5
法国,高收入国家,1983,74.8
法国,高收入国家,1984,75
法国,高收入国家,1985,75.3
法国,高收入国家,1986,75.6
法国,高收入国家,1987,75.8
法国,高收入国家,1988,76.1
法国,高收入国家,1989,76.34878049
法国,高收入国家,1990,76.6
法国,高收入国家,1991,76.84878049
法国,高收入国家,1992,77.1
法国,高收入国家,1993,77.3
法国,高收入国家,1994,77.64878049
法国,高收入国家,1995,77.75121951
法国,高收入国家,1996,77.95365854
法国,高收入国家,1997,78.30487805
法国,高收入国家,1998,78.60487805
法国,高收入国家,1999,78.75609756
法国,高收入国家,2000,79.05609756
法国,高收入国家,2001,79.15853659
法国,高收入国家,2002,79.26097561
法国,高收入国家,2003,79.11463415
法国,高收入国家,2004,80.16341463
法国,高收入国家,2005,80.16341463
法国,高收入国家,2006,80.81219512
法国,高收入国家,2007,81.11219512
法国,高收入国家,2008,81.21463415
法国,高收入国家,2009,81.41463415
法国,高收入国家,2010,81.66341463
法国,高收入国家,2011,82.11463415
法国,高收入国家,2012,81.96829268
法国,高收入国家,2013,82.2195122
法国,高收入国家,2014,82.67073171
法国,高收入国家,2015,82.32195122
法国,高收入国家,2016,82.52439024
法国,高收入国家,2017,82.52439024
挪威,高收入国家,1960,73.5497561
挪威,高收入国家,1961,73.5504878
挪威,高收入国家,1962,73.44804878
挪威,高收入国家,1963,73.07756098
挪威,高收入国家,1964,73.59585366
挪威,高收入国家,1965,73.72317073
挪威,高收入国家,1966,73.99536585
挪威,高收入国家,1967,74.06658537
挪威,高收入国家,1968,73.94195122
挪威,高收入国家,1969,73.66341463
挪威,高收入国家,1970,74.08804878
挪威,高收入国家,1971,74.17926829
挪威,高收入国家,1972,74.34463415
挪威,高收入国家,1973,74.44219512
挪威,高收入国家,1974,74.75365854
挪威,高收入国家,1975,74.81756098
挪威,高收入国家,1976,75.0395122
挪威,高收入国家,1977,75.38682927
挪威,高收入国家,1978,75.41853659
挪威,高收入国家,1979,75.41390244
挪威,高收入国家,1980,75.67170732
挪威,高收入国家,1981,75.86902439
挪威,高收入国家,1982,76.01097561
挪威,高收入国家,1983,76.06682927
挪威,高收入国家,1984,76.22439024
挪威,高收入国家,1985,75.91682927
挪威,高收入国家,1986,76.24121951
挪威,高收入国家,1987,76.08170732
挪威,高收入国家,1988,76.2204878
挪威,高收入国家,1989,76.5004878
挪威,高收入国家,1990,76.53731707
挪威,高收入国家,1991,76.98073171
挪威,高收入国家,1992,77.18439024
挪威,高收入国家,1993,77.15170732
挪威,高收入国家,1994,77.6897561
挪威,高收入国家,1995,77.73658537
挪威,高收入国家,1996,78.1504878
挪威,高收入国家,1997,78.14268293
挪威,高收入国家,1998,78.32926829
挪威,高收入国家,1999,78.28292683
挪威,高收入国家,2000,78.63414634
挪威,高收入国家,2001,78.78536585
挪威,高收入国家,2002,78.98780488
挪威,高收入国家,2003,79.3902439
挪威,高收入国家,2004,79.84146341
挪威,高收入国家,2005,80.04146341
挪威,高收入国家,2006,80.34390244
挪威,高收入国家,2007,80.39512195
挪威,高收入国家,2008,80.59268293
挪威,高收入国家,2009,80.79512195
挪威,高收入国家,2010,80.99756098
挪威,高收入国家,2011,81.29512195
挪威,高收入国家,2012,81.45121951
挪威,高收入国家,2013,81.75121951
挪威,高收入国家,2014,82.1
挪威,高收入国家,2015,82.30487805
挪威,高收入国家,2016,82.40731707
挪威,高收入国家,2017,82.5097561
澳大利亚,高收入国家,1960,70.81707317
澳大利亚,高收入国家,1961,70.97317073
澳大利亚,高收入国家,1962,70.94243902
澳大利亚,高收入国家,1963,70.91170732
澳大利亚,高收入国家,1964,70.88097561
澳大利亚,高收入国家,1965,70.8502439
澳大利亚,高收入国家,1966,70.8195122
澳大利亚,高收入国家,1967,70.86926829
澳大利亚,高收入国家,1968,70.91902439
澳大利亚,高收入国家,1969,70.96878049
澳大利亚,高收入国家,1970,71.01853659
澳大利亚,高收入国家,1971,71.06829268
澳大利亚,高收入国家,1972,71.45756098
澳大利亚,高收入国家,1973,71.84682927
澳大利亚,高收入国家,1974,72.23609756
澳大利亚,高收入国家,1975,72.62536585
澳大利亚,高收入国家,1976,73.01463415
澳大利亚,高收入国家,1977,73.34439024
澳大利亚,高收入国家,1978,73.67414634
澳大利亚,高收入国家,1979,74.00390244
澳大利亚,高收入国家,1980,74.33365854
澳大利亚,高收入国家,1981,74.66341463
澳大利亚,高收入国家,1982,74.90487805
澳大利亚,高收入国家,1983,75.14634146
澳大利亚,高收入国家,1984,75.38780488
澳大利亚,高收入国家,1985,75.62926829
澳大利亚,高收入国家,1986,75.87073171
澳大利亚,高收入国家,1987,76.15170732
澳大利亚,高收入国家,1988,76.43268293
澳大利亚,高收入国家,1989,76.71365854
澳大利亚,高收入国家,1990,76.99463415
澳大利亚,高收入国家,1991,77.27560976
澳大利亚,高收入国家,1992,77.37804878
澳大利亚,高收入国家,1993,77.87804878
澳大利亚,高收入国家,1994,77.87804878
澳大利亚,高收入国家,1995,77.82926829
澳大利亚,高收入国家,1996,78.07804878
澳大利亚,高收入国家,1997,78.4804878
澳大利亚,高收入国家,1998,78.63170732
澳大利亚,高收入国家,1999,78.93170732
澳大利亚,高收入国家,2000,79.23414634
澳大利亚,高收入国家,2001,79.63414634
澳大利亚,高收入国家,2002,79.93658537
澳大利亚,高收入国家,2003,80.23902439
澳大利亚,高收入国家,2004,80.4902439
澳大利亚,高收入国家,2005,80.84146341
澳大利亚,高收入国家,2006,81.04146341
澳大利亚,高收入国家,2007,81.29268293
澳大利亚,高收入国家,2008,81.39512195
澳大利亚,高收入国家,2009,81.54390244
澳大利亚,高收入国家,2010,81.69512195
澳大利亚,高收入国家,2011,81.89512195
澳大利亚,高收入国家,2012,82.04634146
澳大利亚,高收入国家,2013,82.14878049
澳大利亚,高收入国家,2014,82.3
澳大利亚,高收入国家,2015,82.4
澳大利亚,高收入国家,2016,82.44878049
澳大利亚,高收入国家,2017,82.49756098
马耳他,高收入国家,1960,69.4332439
马耳他,高收入国家,1961,69.61439024
马耳他,高收入国家,1962,69.77065854
马耳他,高收入国家,1963,69.91995122
马耳他,高收入国家,1964,70.07573171
马耳他,高收入国家,1965,70.24792683
马耳他,高收入国家,1966,70.44104878
马耳他,高收入国家,1967,70.64807317
马耳他,高收入国家,1968,70.86304878
马耳他,高收入国家,1969,71.08295122
马耳他,高收入国家,1970,71.30529268
马耳他,高收入国家,1971,71.52253659
马耳他,高收入国家,1972,71.7312439
马耳他,高收入国家,1973,71.92743902
马耳他,高收入国家,1974,72.11119512
马耳他,高收入国家,1975,72.28109756
马耳他,高收入国家,1976,72.43678049
马耳他,高收入国家,1977,72.58380488
马耳他,高收入国家,1978,72.73212195
马耳他,高收入国家,1979,72.89119512
马耳他,高收入国家,1980,73.07785366
马耳他,高收入国家,1981,73.31090244
马耳他,高收入国家,1982,73.59814634
马耳他,高收入国家,1983,73.94
马耳他,高收入国家,1984,74.33097561
马耳他,高收入国家,1985,74.75814634
马耳他,高收入国家,1986,75.20419512
马耳他,高收入国家,1987,75.64482927
马耳他,高收入国家,1988,76.06265854
马耳他,高收入国家,1989,76.44526829
马耳他,高收入国家,1990,76.78607317
马耳他,高收入国家,1991,77.08446341
马耳他,高收入国家,1992,77.35080488
马耳他,高收入国家,1993,77.5934878
马耳他,高收入国家,1994,77.81753659
马耳他,高收入国家,1995,77.2902439
马耳他,高收入国家,1996,77.34146341
马耳他,高收入国家,1997,77.73902439
马耳他,高收入国家,1998,77.58780488
马耳他,高收入国家,1999,77.5
马耳他,高收入国家,2000,78.34878049
马耳他,高收入国家,2001,78.84390244
马耳他,高收入国家,2002,78.73902439
马耳他,高收入国家,2003,78.54634146
马耳他,高收入国家,2004,79.25365854
马耳他,高收入国家,2005,79.3
马耳他,高收入国家,2006,79.43902439
马耳他,高收入国家,2007,79.79268293
马耳他,高收入国家,2008,79.63658537
马耳他,高收入国家,2009,80.24146341
马耳他,高收入国家,2010,81.39756098
马耳他,高收入国家,2011,80.74634146
马耳他,高收入国家,2012,80.74634146
马耳他,高收入国家,2013,81.74634146
马耳他,高收入国家,2014,82.04634146
马耳他,高收入国家,2015,81.89756098
马耳他,高收入国家,2016,82.45365854
马耳他,高收入国家,2017,82.45365854
法罗群岛,高收入国家,1986,75.21463415
法罗群岛,高收入国家,1987,75.46585366
法罗群岛,高收入国家,1988,75.71463415
法罗群岛,高收入国家,1989,75.91463415
法罗群岛,高收入国家,1990,76.11463415
法罗群岛,高收入国家,1991,76.41463415
法罗群岛,高收入国家,1992,76.61463415
法罗群岛,高收入国家,1993,76.81463415
法罗群岛,高收入国家,1994,77.06585366
法罗群岛,高收入国家,1995,77.36829268
法罗群岛,高收入国家,1996,77.57073171
法罗群岛,高收入国家,1997,77.82439024
法罗群岛,高收入国家,1998,78.02682927
法罗群岛,高收入国家,1999,78.2804878
法罗群岛,高收入国家,2000,78.43414634
法罗群岛,高收入国家,2001,78.63658537
法罗群岛,高收入国家,2002,78.78780488
法罗群岛,高收入国家,2003,78.9902439
法罗群岛,高收入国家,2004,79.1902439
法罗群岛,高收入国家,2005,79.44146341
法罗群岛,高收入国家,2006,79.6902439
法罗群岛,高收入国家,2007,79.8902439
法罗群岛,高收入国家,2008,80.13902439
法罗群岛,高收入国家,2009,80.38780488
法罗群岛,高收入国家,2010,80.58780488
法罗群岛,高收入国家,2011,80.8902439
法罗群岛,高收入国家,2012,81.14146341
法罗群岛,高收入国家,2013,81.39268293
法罗群岛,高收入国家,2014,81.69512195
法罗群岛,高收入国家,2015,81.94634146
法罗群岛,高收入国家,2016,82.19756098
法罗群岛,高收入国家,2017,82.4
瑞典,高收入国家,1960,73.00560976
瑞典,高收入国家,1961,73.47439024
瑞典,高收入国家,1962,73.3504878
瑞典,高收入国家,1963,73.55536585
瑞典,高收入国家,1964,73.73317073
瑞典,高收入国家,1965,73.86170732
瑞典,高收入国家,1966,74.07853659
瑞典,高收入国家,1967,74.12243902
瑞典,高收入国家,1968,73.97292683
瑞典,高收入国家,1969,74.08487805
瑞典,高收入国家,1970,74.64926829
瑞典,高收入国家,1971,74.62390244
瑞典,高收入国家,1972,74.71804878
瑞典,高收入国家,1973,74.86731707
瑞典,高收入国家,1974,74.9804878
瑞典,高收入国家,1975,74.98463415
瑞典,高收入国家,1976,74.96926829
瑞典,高收入国家,1977,75.3797561
瑞典,高收入国家,1978,75.46902439
瑞典,高收入国家,1979,75.52414634
瑞典,高收入国家,1980,75.74097561
瑞典,高收入国家,1981,76.02609756
瑞典,高收入国家,1982,76.32731707
瑞典,高收入国家,1983,76.55170732
瑞典,高收入国家,1984,76.81585366
瑞典,高收入国家,1985,76.66780488
瑞典,高收入国家,1986,76.93121951
瑞典,高收入国家,1987,77.09219512
瑞典,高收入国家,1988,76.97926829
瑞典,高收入国家,1989,77.72682927
瑞典,高收入国家,1990,77.53682927
瑞典,高收入国家,1991,77.66682927
瑞典,高收入国家,1992,77.99878049
瑞典,高收入国家,1993,78.0604878
瑞典,高收入国家,1994,78.6502439
瑞典,高收入国家,1995,78.7404878
瑞典,高收入国家,1996,78.95902439
瑞典,高收入国家,1997,79.19756098
瑞典,高收入国家,1998,79.33902439
瑞典,高收入国家,1999,79.44146341
瑞典,高收入国家,2000,79.64390244
瑞典,高收入国家,2001,79.79512195
瑞典,高收入国家,2002,79.84634146
瑞典,高收入国家,2003,80.09512195
瑞典,高收入国家,2004,80.49756098
瑞典,高收入国家,2005,80.54634146
瑞典,高收入国家,2006,80.74878049
瑞典,高收入国家,2007,80.9
瑞典,高收入国家,2008,81.1
瑞典,高收入国家,2009,81.35121951
瑞典,高收入国家,2010,81.45121951
瑞典,高收入国家,2011,81.80243902
瑞典,高收入国家,2012,81.70487805
瑞典,高收入国家,2013,81.95609756
瑞典,高收入国家,2014,82.25365854
瑞典,高收入国家,2015,82.20487805
瑞典,高收入国家,2016,82.30731707
瑞典,高收入国家,2017,82.30731707
列支敦士登,高收入国家,1994,78.42195122
列支敦士登,高收入国家,1995,77.3902439
列支敦士登,高收入国家,1996,76.83658537
列支敦士登,高收入国家,1997,76.04634146
列支敦士登,高收入国家,1998,77.74634146
列支敦士登,高收入国家,1999,79.1097561
列支敦士登,高收入国家,2000,76.82682927
列支敦士登,高收入国家,2001,79.27560976
列支敦士登,高收入国家,2002,79.63658537
列支敦士登,高收入国家,2003,79.96097561
列支敦士登,高收入国家,2004,81.77073171
列支敦士登,高收入国家,2005,80.66829268
列支敦士登,高收入国家,2006,80.94878049
列支敦士登,高收入国家,2007,81.29512195
列支敦士登,高收入国家,2008,82.68292683
列支敦士登,高收入国家,2009,81.5
列支敦士登,高收入国家,2010,81.84146341
列支敦士登,高收入国家,2011,81.79268293
列支敦士登,高收入国家,2012,82.38292683
列支敦士登,高收入国家,2013,82.26097561
列支敦士登,高收入国家,2014,82.07317073
列支敦士登,高收入国家,2015,82.65609756
列支敦士登,高收入国家,2016,82.25853659
列支敦士登,高收入国家,2017,82.25853659
加拿大,高收入国家,1960,71.13317073
加拿大,高收入国家,1961,71.34609756
加拿大,高收入国家,1962,71.36707317
加拿大,高收入国家,1963,71.38073171
加拿大,高收入国家,1964,71.77634146
加拿大,高收入国家,1965,71.87219512
加拿大,高收入国家,1966,72.00439024
加拿大,高收入国家,1967,72.20780488
加拿大,高收入国家,1968,72.35341463
加拿大,高收入国家,1969,72.50146341
加拿大,高收入国家,1970,72.7004878
加拿大,高收入国家,1971,73.02926829
加拿大,高收入国家,1972,72.93390244
加拿大,高收入国家,1973,73.16268293
加拿大,高收入国家,1974,73.23756098
加拿大,高收入国家,1975,73.52170732
加拿大,高收入国家,1976,73.85609756
加拿大,高收入国家,1977,74.21560976
加拿大,高收入国家,1978,74.5297561
加拿大,高收入国家,1979,74.86634146
加拿大,高收入国家,1980,75.07804878
加拿大,高收入国家,1981,75.46341463
加拿大,高收入国家,1982,75.76341463
加拿大,高收入国家,1983,76.06585366
加拿大,高收入国家,1984,76.21707317
加拿大,高收入国家,1985,76.36829268
加拿大,高收入国家,1986,76.5195122
加拿大,高收入国家,1987,76.7195122
加拿大,高收入国家,1988,76.9195122
加拿大,高收入国家,1989,77.1195122
加拿大,高收入国家,1990,77.42195122
加拿大,高收入国家,1991,77.62195122
加拿大,高收入国家,1992,77.72439024
加拿大,高收入国家,1993,77.82439024
加拿大,高收入国家,1994,77.82682927
加拿大,高收入国家,1995,78.02926829
加拿大,高收入国家,1996,78.1804878
加拿大,高收入国家,1997,78.43170732
加拿大,高收入国家,1998,78.63414634
加拿大,高收入国家,1999,78.88536585
加拿大,高收入国家,2000,79.13658537
加拿大,高收入国家,2001,79.33902439
加拿大,高收入国家,2002,79.4902439
加拿大,高收入国家,2003,79.74146341
加拿大,高收入国家,2004,79.89268293
加拿大,高收入国家,2005,80.19268293
加拿大,高收入国家,2006,80.34390244
加拿大,高收入国家,2007,80.54390244
加拿大,高收入国家,2008,80.69512195
加拿大,高收入国家,2009,80.99512195
加拿大,高收入国家,2010,81.24634146
加拿大,高收入国家,2011,81.44878049
加拿大,高收入国家,2012,81.64878049
加拿大,高收入国家,2013,81.74878049
加拿大,高收入国家,2014,81.8
加拿大,高收入国家,2015,81.9
加拿大,高收入国家,2016,82.1422439
加拿大,高收入国家,2017,82.24897561
冰岛,高收入国家,1961,72.00658537
冰岛,高收入国家,1962,72.11219512
冰岛,高收入国家,1966,72.28560976
冰岛,高收入国家,1967,71.5097561
冰岛,高收入国家,1968,71.05658537
冰岛,高收入国家,1969,70.9704878
冰岛,高收入国家,1970,71.21341463
冰岛,高收入国家,1971,71.71902439
冰岛,高收入国家,1972,71.07804878
冰岛,高收入国家,1973,71.69341463
冰岛,高收入国家,1974,71.66170732
冰岛,高收入国家,1975,72.04512195
冰岛,高收入国家,1976,72.95609756
冰岛,高收入国家,1977,72.95853659
冰岛,高收入国家,1978,73.20731707
冰岛,高收入国家,1979,73.50731707
冰岛,高收入国家,1980,73.87560976
冰岛,高收入国家,1981,74.26097561
冰岛,高收入国家,1982,74.1097561
冰岛,高收入国家,1983,74.45853659
冰岛,高收入国家,1984,74.80731707
冰岛,高收入国家,1985,75.20731707
冰岛,高收入国家,1986,74.95609756
冰岛,高收入国家,1987,75.25853659
冰岛,高收入国家,1988,74.43658537
冰岛,高收入国家,1989,76.30731707
冰岛,高收入国家,1990,76.60731707
冰岛,高收入国家,1991,76.75853659
冰岛,高收入国家,1992,76.50487805
冰岛,高收入国家,1993,77.15365854
冰岛,高收入国家,1994,77.40243902
冰岛,高收入国家,1995,77.45121951
冰岛,高收入国家,1996,78.10487805
冰岛,高收入国家,1997,78
冰岛,高收入国家,1998,78.14878049
冰岛,高收入国家,1999,78.65853659
冰岛,高收入国家,2000,78.95365854
冰岛,高收入国家,2001,79.40731707
冰岛,高收入国家,2002,79.45121951
冰岛,高收入国家,2003,79.64878049
冰岛,高收入国家,2004,80.14634146
冰岛,高收入国家,2005,80.15121951
冰岛,高收入国家,2006,80.55365854
冰岛,高收入国家,2007,80.50487805
冰岛,高收入国家,2008,80.95121951
冰岛,高收入国家,2009,81.40487805
冰岛,高收入国家,2010,81.60243902
冰岛,高收入国家,2011,81.65609756
冰岛,高收入国家,2012,81.70487805
冰岛,高收入国家,2013,82.05609756
冰岛,高收入国家,2014,82.15365854
冰岛,高收入国家,2015,82.05121951
冰岛,高收入国家,2016,82.40731707
冰岛,高收入国家,2017,82.60243902
爱尔兰,高收入国家,1960,69.7965122
爱尔兰,高收入国家,1961,69.97826829
爱尔兰,高收入国家,1962,70.13407317
爱尔兰,高收入国家,1963,70.27292683
爱尔兰,高收入国家,1964,70.40129268
爱尔兰,高收入国家,1965,70.52314634
爱尔兰,高收入国家,1966,70.63843902
爱尔兰,高收入国家,1967,70.74514634
爱尔兰,高收入国家,1968,70.84429268
爱尔兰,高收入国家,1969,70.93787805
爱尔兰,高收入国家,1970,71.03143902
爱尔兰,高收入国家,1971,71.12853659
爱尔兰,高收入国家,1972,71.2322439
爱尔兰,高收入国家,1973,71.34556098
爱尔兰,高收入国家,1974,71.47202439
爱尔兰,高收入国家,1975,71.61660976
爱尔兰,高收入国家,1976,71.78278049
爱尔兰,高收入国家,1977,71.969
爱尔兰,高收入国家,1978,72.17373171
爱尔兰,高收入国家,1979,72.39346341
爱尔兰,高收入国家,1980,72.6232439
爱尔兰,高收入国家,1981,72.85609756
爱尔兰,高收入国家,1982,73.08807317
爱尔兰,高收入国家,1983,73.31368293
爱尔兰,高收入国家,1984,73.53146341
爱尔兰,高收入国家,1985,73.74236585
爱尔兰,高收入国家,1986,73.95141463
爱尔兰,高收入国家,1987,74.16253659
爱尔兰,高收入国家,1988,74.37770732
爱尔兰,高收入国家,1989,74.59590244
爱尔兰,高收入国家,1990,74.80909756
爱尔兰,高收入国家,1991,75.00526829
爱尔兰,高收入国家,1992,75.18095122
爱尔兰,高收入国家,1993,75.33612195
爱尔兰,高收入国家,1994,75.47680488
爱尔兰,高收入国家,1995,75.61756098
爱尔兰,高收入国家,1996,75.83170732
爱尔兰,高收入国家,1997,75.98536585
爱尔兰,高收入国家,1998,76.1804878
爱尔兰,高收入国家,1999,76.08292683
爱尔兰,高收入国家,2000,76.53658537
爱尔兰,高收入国家,2001,77.13414634
爱尔兰,高收入国家,2002,77.63414634
爱尔兰,高收入国家,2003,78.13902439
爱尔兰,高收入国家,2004,78.53902439
爱尔兰,高收入国家,2005,78.94390244
爱尔兰,高收入国家,2006,79.24146341
爱尔兰,高收入国家,2007,79.64146341
爱尔兰,高收入国家,2008,80.09512195
爱尔兰,高收入国家,2009,80.1902439
爱尔兰,高收入国家,2010,80.74390244
爱尔兰,高收入国家,2011,80.74634146
爱尔兰,高收入国家,2012,80.84634146
爱尔兰,高收入国家,2013,80.94878049
爱尔兰,高收入国家,2014,81.34878049
爱尔兰,高收入国家,2015,81.45365854
爱尔兰,高收入国家,2016,81.70487805
爱尔兰,高收入国家,2017,81.95609756
欧洲货币联盟,高收入国家,1960,69.29058091
欧洲货币联盟,高收入国家,1961,69.66027111
欧洲货币联盟,高收入国家,1962,69.61739226
欧洲货币联盟,高收入国家,1963,69.78554508
欧洲货币联盟,高收入国家,1964,70.244306
欧洲货币联盟,高收入国家,1965,70.3291237
欧洲货币联盟,高收入国家,1966,70.60485701
欧洲货币联盟,高收入国家,1967,70.74398972
欧洲货币联盟,高收入国家,1968,70.79340931
欧洲货币联盟,高收入国家,1969,70.79960132
欧洲货币联盟,高收入国家,1970,71.15815158
欧洲货币联盟,高收入国家,1971,71.26596774
欧洲货币联盟,高收入国家,1972,71.60541089
欧洲货币联盟,高收入国家,1973,71.70035161
欧洲货币联盟,高收入国家,1974,72.02606205
欧洲货币联盟,高收入国家,1975,72.16923441
欧洲货币联盟,高收入国家,1976,72.43466829
欧洲货币联盟,高收入国家,1977,72.79004212
欧洲货币联盟,高收入国家,1978,73.0111208
欧洲货币联盟,高收入国家,1979,73.33436588
欧洲货币联盟,高收入国家,1980,73.52860666
欧洲货币联盟,高收入国家,1981,73.8113852
欧洲货币联盟,高收入国家,1982,74.15439696
欧洲货币联盟,高收入国家,1983,74.22894198
欧洲货币联盟,高收入国家,1984,74.58734663
欧洲货币联盟,高收入国家,1985,74.75718779
欧洲货币联盟,高收入国家,1986,75.05677778
欧洲货币联盟,高收入国家,1987,75.34820614
欧洲货币联盟,高收入国家,1988,75.53593039
欧洲货币联盟,高收入国家,1989,75.76188346
欧洲货币联盟,高收入国家,1990,75.91180788
欧洲货币联盟,高收入国家,1991,76.02616245
欧洲货币联盟,高收入国家,1992,76.38125681
欧洲货币联盟,高收入国家,1993,76.48795161
欧洲货币联盟,高收入国家,1994,76.79627392
欧洲货币联盟,高收入国家,1995,76.95586059
欧洲货币联盟,高收入国家,1996,77.21844945
欧洲货币联盟,高收入国家,1997,77.58153601
欧洲货币联盟,高收入国家,1998,77.79717888
欧洲货币联盟,高收入国家,1999,78.02123653
欧洲货币联盟,高收入国家,2000,78.27507038
欧洲货币联盟,高收入国家,2001,78.59711254
欧洲货币联盟,高收入国家,2002,78.68446788
欧洲货币联盟,高收入国家,2003,78.7071795
欧洲货币联盟,高收入国家,2004,79.27870163
欧洲货币联盟,高收入国家,2005,79.426283
欧洲货币联盟,高收入国家,2006,79.85613242
欧洲货币联盟,高收入国家,2007,80.09988189
欧洲货币联盟,高收入国家,2008,80.30291582
欧洲货币联盟,高收入国家,2009,80.50518154
欧洲货币联盟,高收入国家,2010,80.74678098
欧洲货币联盟,高收入国家,2011,81.23282485
欧洲货币联盟,高收入国家,2012,81.22715817
欧洲货币联盟,高收入国家,2013,81.51232873
欧洲货币联盟,高收入国家,2014,81.9334344
欧洲货币联盟,高收入国家,2015,81.56932908
欧洲货币联盟,高收入国家,2016,81.94592967
欧洲货币联盟,高收入国家,2017,81.95073042
新西兰,高收入国家,1960,71.23658537
新西兰,高收入国家,1961,70.98536585
新西兰,高收入国家,1962,71.23170732
新西兰,高收入国家,1963,71.2804878
新西兰,高收入国家,1964,71.32926829
新西兰,高收入国家,1965,71.22682927
新西兰,高收入国家,1966,71.12439024
新西兰,高收入国家,1967,71.47317073
新西兰,高收入国家,1968,71.12439024
新西兰,高收入国家,1969,71.47317073
新西兰,高收入国家,1970,71.27317073
新西兰,高收入国家,1971,71.77317073
新西兰,高收入国家,1972,71.82926829
新西兰,高收入国家,1973,71.66829268
新西兰,高收入国家,1974,71.92439024
新西兰,高收入国家,1975,72.2195122
新西兰,高收入国家,1976,72.42195122
新西兰,高收入国家,1977,72.16829268
新西兰,高收入国家,1978,73.0195122
新西兰,高收入国家,1979,73.06829268
新西兰,高收入国家,1980,72.82926829
新西兰,高收入国家,1981,73.62195122
新西兰,高收入国家,1982,73.72439024
新西兰,高收入国家,1983,73.77560976
新西兰,高收入国家,1984,74.37073171
新西兰,高收入国家,1985,73.82926829
新西兰,高收入国家,1986,74.12195122
新西兰,高收入国家,1987,74.17804878
新西兰,高收入国家,1988,74.42439024
新西兰,高收入国家,1989,74.82439024
新西兰,高收入国家,1990,75.37804878
新西兰,高收入国家,1991,76.03170732
新西兰,高收入国家,1992,76.12439024
新西兰,高收入国家,1993,76.43414634
新西兰,高收入国家,1994,76.88292683
新西兰,高收入国家,1995,76.73414634
新西兰,高收入国家,1996,76.78780488
新西兰,高收入国家,1997,77.33414634
新西兰,高收入国家,1998,78.08536585
新西兰,高收入国家,1999,77.8902439
新西兰,高收入国家,2000,78.63658537
新西兰,高收入国家,2001,78.69268293
新西兰,高收入国家,2002,78.84634146
新西兰,高收入国家,2003,79.14634146
新西兰,高收入国家,2004,79.54878049
新西兰,高收入国家,2005,79.85121951
新西兰,高收入国家,2006,80.04878049
新西兰,高收入国家,2007,80.15121951
新西兰,高收入国家,2008,80.35121951
新西兰,高收入国家,2009,80.70243902
新西兰,高收入国家,2010,80.70243902
新西兰,高收入国家,2011,80.90487805
新西兰,高收入国家,2012,81.15609756
新西兰,高收入国家,2013,81.40731707
新西兰,高收入国家,2014,81.40487805
新西兰,高收入国家,2015,81.45682927
新西兰,高收入国家,2016,81.61243902
新西兰,高收入国家,2017,81.65853659
奥地利,高收入国家,1960,68.58560976
奥地利,高收入国家,1961,69.57731707
奥地利,高收入国家,1962,69.3095122
奥地利,高收入国家,1963,69.44365854
奥地利,高收入国家,1964,69.92195122
奥地利,高收入国家,1965,69.72219512
奥地利,高收入国家,1966,70.04585366
奥地利,高收入国家,1967,69.91780488
奥地利,高收入国家,1968,70.05756098
奥地利,高收入国家,1969,69.83317073
奥地利,高收入国家,1970,69.91463415
奥地利,高收入国家,1971,70.11463415
奥地利,高收入国家,1972,70.46341463
奥地利,高收入国家,1973,71.01463415
奥地利,高收入国家,1974,71.01219512
奥地利,高收入国家,1975,71.11463415
奥地利,高收入国家,1976,71.56585366
奥地利,高收入国家,1977,71.91463415
奥地利,高收入国家,1978,72.01219512
奥地利,高收入国家,1979,72.31219512
奥地利,高收入国家,1980,72.46341463
奥地利,高收入国家,1981,72.81219512
奥地利,高收入国家,1982,72.96097561
奥地利,高收入国家,1983,73.01219512
奥地利,高收入国家,1984,73.61219512
奥地利,高收入国家,1985,73.81463415
奥地利,高收入国家,1986,74.31707317
奥地利,高收入国家,1987,74.76829268
奥地利,高收入国家,1988,75.21707317
奥地利,高收入国家,1989,75.26585366
奥地利,高收入国家,1990,75.56829268
奥地利,高收入国家,1991,75.61707317
奥地利,高收入国家,1992,75.81707317
奥地利,高收入国家,1993,76.06829268
奥地利,高收入国家,1994,76.4195122
奥地利,高收入国家,1995,76.66829268
奥地利,高收入国家,1996,76.87073171
奥地利,高收入国家,1997,77.3195122
奥地利,高收入国家,1998,77.67073171
奥地利,高收入国家,1999,77.87560976
奥地利,高收入国家,2000,78.12682927
奥地利,高收入国家,2001,78.57560976
奥地利,高收入国家,2002,78.67804878
奥地利,高收入国家,2003,78.63170732
奥地利,高收入国家,2004,79.1804878
奥地利,高收入国家,2005,79.33170732
奥地利,高收入国家,2006,79.8804878
奥地利,高收入国家,2007,80.1804878
奥地利,高收入国家,2008,80.43170732
奥地利,高收入国家,2009,80.33170732
奥地利,高收入国家,2010,80.5804878
奥地利,高收入国家,2011,80.98292683
奥地利,高收入国家,2012,80.93658537
奥地利,高收入国家,2013,81.13658537
奥地利,高收入国家,2014,81.4902439
奥地利,高收入国家,2015,81.1902439
奥地利,高收入国家,2016,81.64146341
奥地利,高收入国家,2017,81.64146341
荷兰,高收入国家,1960,73.39268293
荷兰,高收入国家,1961,73.65268293
荷兰,高收入国家,1962,73.32390244
荷兰,高收入国家,1963,73.33707317
荷兰,高收入国家,1964,73.70414634
荷兰,高收入国家,1965,73.56878049
荷兰,高收入国家,1966,73.51292683
荷兰,高收入国家,1967,73.80414634
荷兰,高收入国家,1968,73.61268293
荷兰,高收入国家,1969,73.5395122
荷兰,高收入国家,1970,73.58560976
荷兰,高收入国家,1971,73.8095122
荷兰,高收入国家,1972,73.72707317
荷兰,高收入国家,1973,74.14390244
荷兰,高收入国家,1974,74.53682927
荷兰,高收入国家,1975,74.49878049
荷兰,高收入国家,1976,74.64707317
荷兰,高收入国家,1977,75.22146341
荷兰,高收入国家,1978,75.14512195
荷兰,高收入国家,1979,75.60609756
荷兰,高收入国家,1980,75.74317073
荷兰,高收入国家,1981,75.93439024
荷兰,高收入国家,1982,75.98853659
荷兰,高收入国家,1983,76.16414634
荷兰,高收入国家,1984,76.23317073
荷兰,高收入国家,1985,76.28463415
荷兰,高收入国家,1986,76.2704878
荷兰,高收入国家,1987,76.70512195
荷兰,高收入国家,1988,76.8902439
荷兰,高收入国家,1989,76.73414634
荷兰,高收入国家,1990,76.87804878
荷兰,高收入国家,1991,77
荷兰,高收入国家,1992,77.21707317
荷兰,高收入国家,1993,76.91658537
荷兰,高收入国家,1994,77.37512195
荷兰,高收入国家,1995,77.40463415
荷兰,高收入国家,1996,77.43560976
荷兰,高收入国家,1997,77.79439024
荷兰,高收入国家,1998,77.88292683
荷兰,高收入国家,1999,77.83658537
荷兰,高收入国家,2000,77.98780488
荷兰,高收入国家,2001,78.1902439
荷兰,高收入国家,2002,78.29268293
荷兰,高收入国家,2003,78.49268293
荷兰,高收入国家,2004,79.09512195
荷兰,高收入国家,2005,79.34634146
荷兰,高收入国家,2006,79.69756098
荷兰,高收入国家,2007,80.09756098
荷兰,高收入国家,2008,80.25121951
荷兰,高收入国家,2009,80.54878049
荷兰,高收入国家,2010,80.70243902
荷兰,高收入国家,2011,81.20487805
荷兰,高收入国家,2012,81.10487805
荷兰,高收入国家,2013,81.30487805
荷兰,高收入国家,2014,81.70731707
荷兰,高收入国家,2015,81.5097561
荷兰,高收入国家,2016,81.56097561
荷兰,高收入国家,2017,81.56097561
百慕大,高收入国家,2000,77.88536585
百慕大,高收入国家,2001,77.88536585
百慕大,高收入国家,2002,78.08780488
百慕大,高收入国家,2003,78.33414634
百慕大,高收入国家,2004,78.48536585
百慕大,高收入国家,2005,78.68536585
百慕大,高收入国家,2006,78.88780488
百慕大,高收入国家,2007,78.93414634
百慕大,高收入国家,2008,79.23658537
百慕大,高收入国家,2009,79.38843902
百慕大,高收入国家,2010,79.28853659
百慕大,高收入国家,2011,81.15268293
百慕大,高收入国家,2012,81.67780488
百慕大,高收入国家,2013,80.57243902
百慕大,高收入国家,2014,80.79731707
百慕大,高收入国家,2015,81.01219512
百慕大,高收入国家,2016,81.22707317
百慕大,高收入国家,2017,81.44195122
比利时,高收入国家,1960,69.70195122
比利时,高收入国家,1961,70.52097561
比利时,高收入国家,1962,70.2195122
比利时,高收入国家,1963,70.05146341
比利时,高收入国家,1964,70.75512195
比利时,高收入国家,1965,70.62536585
比利时,高收入国家,1966,70.70634146
比利时,高收入国家,1967,71.01292683
比利时,高收入国家,1968,70.69317073
比利时,高收入国家,1969,70.76487805
比利时,高收入国家,1970,70.97195122
比利时,高收入国家,1971,71.0604878
比利时,高收入国家,1972,71.40512195
比利时,高收入国家,1973,71.63536585
比利时,高收入国家,1974,71.98585366
比利时,高收入国家,1975,71.97121951
比利时,高收入国家,1976,72.1197561
比利时,高收入国家,1977,72.77390244
比利时,高收入国家,1978,72.69804878
比利时,高收入国家,1979,73.19365854
比利时,高收入国家,1980,73.20707317
比利时,高收入国家,1981,73.62170732
比利时,高收入国家,1982,73.88804878
比利时,高收入国家,1983,73.86902439
比利时,高收入国家,1984,74.40487805
比利时,高收入国家,1985,74.5202439
比利时,高收入国家,1986,74.73170732
比利时,高收入国家,1987,75.36585366
比利时,高收入国家,1988,75.56585366
比利时,高收入国家,1989,75.63268293
比利时,高收入国家,1990,76.05195122
比利时,高收入国家,1991,76.19219512
比利时,高收入国家,1992,76.35121951
比利时,高收入国家,1993,76.34536585
比利时,高收入国家,1994,76.69170732
比利时,高收入国家,1995,76.84073171
比利时,高收入国家,1996,77.18731707
比利时,高收入国家,1997,77.37073171
比利时,高收入国家,1998,77.47317073
比利时,高收入国家,1999,77.6195122
比利时,高收入国家,2000,77.72195122
比利时,高收入国家,2001,77.97317073
比利时,高收入国家,2002,78.07560976
比利时,高收入国家,2003,78.12926829
比利时,高收入国家,2004,78.87804878
比利时,高收入国家,2005,78.9804878
比利时,高收入国家,2006,79.3804878
比利时,高收入国家,2007,79.78292683
比利时,高收入国家,2008,79.6804878
比利时,高收入国家,2009,80.03414634
比利时,高收入国家,2010,80.18292683
比利时,高收入国家,2011,80.58536585
比利时,高收入国家,2012,80.38536585
比利时,高收入国家,2013,80.58780488
比利时,高收入国家,2014,81.28780488
比利时,高收入国家,2015,80.99268293
比利时,高收入国家,2016,81.43902439
比利时,高收入国家,2017,81.43902439
芬兰,高收入国家,1960,68.8197561
芬兰,高收入国家,1961,68.84414634
芬兰,高收入国家,1962,68.57780488
芬兰,高收入国家,1963,69.01268293
芬兰,高收入国家,1964,69.22097561
芬兰,高收入国家,1965,68.97780488
芬兰,高收入国家,1966,69.47707317
芬兰,高收入国家,1967,69.66658537
芬兰,高收入国家,1968,69.61634146
芬兰,高收入国家,1969,69.50341463
芬兰,高收入国家,1970,70.1795122
芬兰,高收入国家,1971,70.01756098
芬兰,高收入国家,1972,70.70731707
芬兰,高收入国家,1973,71.22365854
芬兰,高收入国家,1974,71.13487805
芬兰,高收入国家,1975,71.67365854
芬兰,高收入国家,1976,71.81292683
芬兰,高收入国家,1977,72.3502439
芬兰,高收入国家,1978,72.89707317
芬兰,高收入国家,1979,73.15536585
芬兰,高收入国家,1980,73.44
芬兰,高收入国家,1981,73.74658537
芬兰,高收入国家,1982,74.29804878
芬兰,高收入国家,1983,74.20097561
芬兰,高收入国家,1984,74.51902439
芬兰,高收入国家,1985,74.22292683
芬兰,高收入国家,1986,74.56
芬兰,高收入国家,1987,74.59195122
芬兰,高收入国家,1988,74.57707317
芬兰,高收入国家,1989,74.79219512
芬兰,高收入国家,1990,74.81317073
芬兰,高收入国家,1991,75.22756098
芬兰,高收入国家,1992,75.45536585
芬兰,高收入国家,1993,75.70512195
芬兰,高收入国家,1994,76.39560976
芬兰,高收入国家,1995,76.4095122
芬兰,高收入国家,1996,76.69341463
芬兰,高收入国家,1997,76.87853659
芬兰,高收入国家,1998,77.09073171
芬兰,高收入国家,1999,77.29121951
芬兰,高收入国家,2000,77.46585366
芬兰,高收入国家,2001,77.96585366
芬兰,高收入国家,2002,78.1195122
芬兰,高收入国家,2003,78.36829268
芬兰,高收入国家,2004,78.71463415
芬兰,高收入国家,2005,78.81707317
芬兰,高收入国家,2006,79.21463415
芬兰,高收入国家,2007,79.26341463
芬兰,高收入国家,2008,79.56829268
芬兰,高收入国家,2009,79.7195122
芬兰,高收入国家,2010,79.87073171
芬兰,高收入国家,2011,80.47073171
芬兰,高收入国家,2012,80.62682927
芬兰,高收入国家,2013,80.97560976
芬兰,高收入国家,2014,81.1804878
芬兰,高收入国家,2015,81.4804878
芬兰,高收入国家,2016,81.42926829
芬兰,高收入国家,2017,81.42926829
希腊,高收入国家,1960,68.16390244
希腊,高收入国家,1961,68.54863415
希腊,高收入国家,1962,68.89226829
希腊,高收入国家,1963,69.18570732
希腊,高收入国家,1964,69.42943902
希腊,高收入国家,1965,69.638
希腊,高收入国家,1966,69.83746341
希腊,高收入国家,1967,70.05246341
希腊,高收入国家,1968,70.30256098
希腊,高收入国家,1969,70.58929268
希腊,高收入国家,1970,70.90363415
希腊,高收入国家,1971,71.22656098
希腊,高收入国家,1972,71.535
希腊,高收入国家,1973,71.81485366
希腊,高收入国家,1974,72.06463415
希腊,高收入国家,1975,72.29370732
希腊,高收入国家,1976,72.51956098
希腊,高收入国家,1977,72.76165854
希腊,高收入国家,1978,73.03107317
希腊,高收入国家,1979,73.32936585
希腊,高收入国家,1980,73.64714634
希腊,高收入国家,1981,73.9694878
希腊,高收入国家,1982,74.279
希腊,高收入国家,1983,74.56585366
希腊,高收入国家,1984,74.82912195
希腊,高收入国家,1985,75.0785122
希腊,高收入国家,1986,75.32970732
希腊,高收入国家,1987,75.59814634
希腊,高收入国家,1988,75.8912439
希腊,高收入国家,1989,76.68780488
希腊,高收入国家,1990,76.93902439
希腊,高收入国家,1991,77.13658537
希腊,高收入国家,1992,77.38292683
希腊,高收入国家,1993,77.3902439
希腊,高收入国家,1994,77.63902439
希腊,高收入国家,1995,77.58536585
希腊,高收入国家,1996,77.68536585
希腊,高收入国家,1997,78.13658537
希腊,高收入国家,1998,77.83902439
希腊,高收入国家,1999,77.98780488
希腊,高收入国家,2000,77.88780488
希腊,高收入国家,2001,78.38780488
希腊,高收入国家,2002,78.64146341
希腊,高收入国家,2003,78.84146341
希腊,高收入国家,2004,79.03902439
希腊,高收入国家,2005,79.23902439
希腊,高收入国家,2006,79.43902439
希腊,高收入国家,2007,79.43902439
希腊,高收入国家,2008,79.93902439
希腊,高收入国家,2009,80.18780488
希腊,高收入国家,2010,80.38780488
希腊,高收入国家,2011,80.73170732
希腊,高收入国家,2012,80.63414634
希腊,高收入国家,2013,81.28536585
希腊,高收入国家,2014,81.38536585
希腊,高收入国家,2015,81.03658537
希腊,高收入国家,2016,81.38780488
希腊,高收入国家,2017,81.38780488
斯洛文尼亚,高收入国家,1960,68.97804878
斯洛文尼亚,高收入国家,1961,68.97804878
斯洛文尼亚,高收入国家,1962,68.97804878
斯洛文尼亚,高收入国家,1963,68.62195122
斯洛文尼亚,高收入国家,1964,68.66341463
斯洛文尼亚,高收入国家,1965,68.36585366
斯洛文尼亚,高收入国家,1966,69.01219512
斯洛文尼亚,高收入国家,1967,69.36585366
斯洛文尼亚,高收入国家,1968,68.91707317
斯洛文尼亚,高收入国家,1969,68.36097561
斯洛文尼亚,高收入国家,1970,68.6097561
斯洛文尼亚,高收入国家,1971,68.83414634
斯洛文尼亚,高收入国家,1972,69.05853659
斯洛文尼亚,高收入国家,1973,69.40487805
斯洛文尼亚,高收入国家,1974,70.16097561
斯洛文尼亚,高收入国家,1975,70.35853659
斯洛文尼亚,高收入国家,1976,70.30731707
斯洛文尼亚,高收入国家,1977,70.55609756
斯洛文尼亚,高收入国家,1978,70.70243902
斯洛文尼亚,高收入国家,1979,70.85365854
斯洛文尼亚,高收入国家,1980,71.10487805
斯洛文尼亚,高收入国家,1981,71.20487805
斯洛文尼亚,高收入国家,1982,71.05365854
斯洛文尼亚,高收入国家,1983,70.54146341
斯洛文尼亚,高收入国家,1984,70.90243902
斯洛文尼亚,高收入国家,1985,71.35121951
斯洛文尼亚,高收入国家,1986,71.80243902
斯洛文尼亚,高收入国家,1987,72.00243902
斯洛文尼亚,高收入国家,1988,72.44634146
斯洛文尼亚,高收入国家,1989,72.70487805
斯洛文尼亚,高收入国家,1990,73.20487805
斯洛文尼亚,高收入国家,1991,73.35365854
斯洛文尼亚,高收入国家,1992,73.30487805
斯洛文尼亚,高收入国家,1993,73.25365854
斯洛文尼亚,高收入国家,1994,73.40487805
斯洛文尼亚,高收入国家,1995,73.95853659
斯洛文尼亚,高收入国家,1996,74.45853659
斯洛文尼亚,高收入国家,1997,74.70731707
斯洛文尼亚,高收入国家,1998,74.80731707
斯洛文尼亚,高收入国家,1999,75.0097561
斯洛文尼亚,高收入国家,2000,75.41219512
斯洛文尼亚,高收入国家,2001,75.75853659
斯洛文尼亚,高收入国家,2002,76.00731707
斯洛文尼亚,高收入国家,2003,76.85853659
斯洛文尼亚,高收入国家,2004,77.20731707
斯洛文尼亚,高收入国家,2005,77.61219512
斯洛文尼亚,高收入国家,2006,78.08658537
斯洛文尼亚,高收入国家,2007,78.56097561
斯洛文尼亚,高收入国家,2008,78.76585366
斯洛文尼亚,高收入国家,2009,78.97073171
斯洛文尼亚,高收入国家,2010,79.42195122
斯洛文尼亚,高收入国家,2011,79.97073171
斯洛文尼亚,高收入国家,2012,80.12439024
斯洛文尼亚,高收入国家,2013,80.32195122
斯洛文尼亚,高收入国家,2014,81.07804878
斯洛文尼亚,高收入国家,2015,80.77560976
斯洛文尼亚,高收入国家,2016,81.17560976
斯洛文尼亚,高收入国家,2017,81.17560976
英国,高收入国家,1960,71.12682927
英国,高收入国家,1961,70.87804878
英国,高收入国家,1962,70.92682927
英国,高收入国家,1963,70.82682927
英国,高收入国家,1964,71.62439024
英国,高收入国家,1965,71.62439024
英国,高收入国家,1966,71.57317073
英国,高收入国家,1967,72.12439024
英国,高收入国家,1968,71.72439024
英国,高收入国家,1969,71.72195122
英国,高收入国家,1970,71.97317073
英国,高收入国家,1971,72.27317073
英国,高收入国家,1972,72.12439024
英国,高收入国家,1973,72.32439024
英国,高收入国家,1974,72.52439024
英国,高收入国家,1975,72.72439024
英国,高收入国家,1976,72.77560976
英国,高收入国家,1977,73.22439024
英国,高收入国家,1978,73.17560976
英国,高收入国家,1979,73.27560976
英国,高收入国家,1980,73.67560976
英国,高收入国家,1981,74.02682927
英国,高收入国家,1982,74.17804878
英国,高收入国家,1983,74.37804878
英国,高收入国家,1984,74.77804878
英国,高收入国家,1985,74.62926829
英国,高收入国家,1986,74.92926829
英国,高收入国家,1987,75.2804878
英国,高收入国家,1988,75.3804878
英国,高收入国家,1989,75.58292683
英国,高收入国家,1990,75.8804878
英国,高收入国家,1991,76.08292683
英国,高收入国家,1992,76.43414634
英国,高收入国家,1993,76.38536585
英国,高收入国家,1994,76.88536585
英国,高收入国家,1995,76.83658537
英国,高收入国家,1996,77.08780488
英国,高收入国家,1997,77.21097561
英国,高收入国家,1998,77.1902439
英国,高收入国家,1999,77.3902439
英国,高收入国家,2000,77.74146341
英国,高收入国家,2001,77.99268293
英国,高收入国家,2002,78.14390244
英国,高收入国家,2003,78.44634146
英国,高收入国家,2004,78.74634146
英国,高收入国家,2005,79.04878049
英国,高收入国家,2006,79.24878049
英国,高收入国家,2007,79.44878049
英国,高收入国家,2008,79.6
英国,高收入国家,2009,80.05121951
英国,高收入国家,2010,80.40243902
英国,高收入国家,2011,80.95121951
英国,高收入国家,2012,80.90487805
英国,高收入国家,2013,81.00487805
英国,高收入国家,2014,81.30487805
英国,高收入国家,2015,80.95609756
英国,高收入国家,2016,81.15609756
英国,高收入国家,2017,81.15609756
葡萄牙,高收入国家,1960,63.27290244
葡萄牙,高收入国家,1961,63.68636585
葡萄牙,高收入国家,1962,64.09521951
葡萄牙,高收入国家,1963,64.4965122
葡萄牙,高收入国家,1964,64.89126829
葡萄牙,高收入国家,1965,65.28004878
葡萄牙,高收入国家,1966,65.66346341
葡萄牙,高收入国家,1967,66.04553659
葡萄牙,高收入国家,1968,66.42729268
葡萄牙,高收入国家,1969,66.81270732
葡萄牙,高收入国家,1970,67.07317073
葡萄牙,高收入国家,1971,66.77073171
葡萄牙,高收入国家,1972,68.32439024
葡萄牙,高收入国家,1973,67.52439024
葡萄牙,高收入国家,1974,68.0195122
葡萄牙,高收入国家,1975,68.3097561
葡萄牙,高收入国家,1976,68.86097561
葡萄牙,高收入国家,1977,70.01219512
葡萄牙,高收入国家,1978,70.31707317
葡萄牙,高收入国家,1979,71.16829268
葡萄牙,高收入国家,1980,71.21463415
葡萄牙,高收入国家,1981,71.61463415
葡萄牙,高收入国家,1982,72.41463415
葡萄牙,高收入国家,1983,72.26585366
葡萄牙,高收入国家,1984,72.51463415
葡萄牙,高收入国家,1985,72.81463415
葡萄牙,高收入国家,1986,73.26585366
葡萄牙,高收入国家,1987,73.66585366
葡萄牙,高收入国家,1988,73.71463415
葡萄牙,高收入国家,1989,74.26585366
葡萄牙,高收入国家,1990,73.96585366
葡萄牙,高收入国家,1991,74.01463415
葡萄牙,高收入国家,1992,74.31219512
葡萄牙,高收入国家,1993,74.51219512
葡萄牙,高收入国家,1994,74.91463415
葡萄牙,高收入国家,1995,75.31219512
葡萄牙,高收入国家,1996,75.26097561
葡萄牙,高收入国家,1997,75.41219512
葡萄牙,高收入国家,1998,75.71219512
葡萄牙,高收入国家,1999,75.96341463
葡萄牙,高收入国家,2000,76.31463415
葡萄牙,高收入国家,2001,76.81463415
葡萄牙,高收入国家,2002,77.06585366
葡萄牙,高收入国家,2003,77.2195122
葡萄牙,高收入国家,2004,77.67073171
葡萄牙,高收入国家,2005,78.07073171
葡萄牙,高收入国家,2006,78.4195122
葡萄牙,高收入国家,2007,78.32195122
葡萄牙,高收入国家,2008,78.52439024
葡萄牙,高收入国家,2009,78.72682927
葡萄牙,高收入国家,2010,79.02682927
葡萄牙,高收入国家,2011,80.47073171
葡萄牙,高收入国家,2012,80.37317073
葡萄牙,高收入国家,2013,80.72195122
葡萄牙,高收入国家,2014,81.12195122
葡萄牙,高收入国家,2015,81.12439024
葡萄牙,高收入国家,2016,81.12439024
葡萄牙,高收入国家,2017,81.12439024
丹麦,高收入国家,1960,72.17658537
丹麦,高收入国家,1961,72.43829268
丹麦,高收入国家,1962,72.3197561
丹麦,高收入国家,1963,72.4004878
丹麦,高收入国家,1964,72.48512195
丹麦,高收入国家,1965,72.37073171
丹麦,高收入国家,1966,72.44414634
丹麦,高收入国家,1967,72.92219512
丹麦,高收入国家,1968,73.12146341
丹麦,高收入国家,1969,73.22097561
丹麦,高收入国家,1970,73.34341463
丹麦,高收入国家,1971,73.41463415
丹麦,高收入国家,1972,73.43902439
丹麦,高收入国家,1973,73.68219512
丹麦,高收入国家,1974,73.80829268
丹麦,高收入国家,1975,74.07512195
丹麦,高收入国家,1976,73.7397561
丹麦,高收入国家,1977,74.63243902
丹麦,高收入国家,1978,74.39292683
丹麦,高收入国家,1979,74.21926829
丹麦,高收入国家,1980,74.10170732
丹麦,高收入国家,1981,74.2304878
丹麦,高收入国家,1982,74.55121951
丹麦,高收入国家,1983,74.4204878
丹麦,高收入国家,1984,74.56219512
丹麦,高收入国家,1985,74.42756098
丹麦,高收入国家,1986,74.5797561
丹麦,高收入国家,1987,74.69121951
丹麦,高收入国家,1988,74.77170732
丹麦,高收入国家,1989,74.7997561
丹麦,高收入国家,1990,74.80536585
丹麦,高收入国家,1991,75.15780488
丹麦,高收入国家,1992,75.19414634
丹麦,高收入国家,1993,75.11682927
丹麦,高收入国家,1994,75.37512195
丹麦,高收入国家,1995,75.21268293
丹麦,高收入国家,1996,75.59146341
丹麦,高收入国家,1997,75.94512195
丹麦,高收入国家,1998,76.13902439
丹麦,高收入国家,1999,76.34146341
丹麦,高收入国家,2000,76.59268293
丹麦,高收入国家,2001,76.79268293
丹麦,高收入国家,2002,76.89512195
丹麦,高收入国家,2003,77.14390244
丹麦,高收入国家,2004,77.49268293
丹麦,高收入国家,2005,77.84390244
丹麦,高收入国家,2006,78.09512195
丹麦,高收入国家,2007,78.19512195
丹麦,高收入国家,2008,78.44634146
丹麦,高收入国家,2009,78.59756098
丹麦,高收入国家,2010,79.1
丹麦,高收入国家,2011,79.8
丹麦,高收入国家,2012,80.05121951
丹麦,高收入国家,2013,80.3
丹麦,高收入国家,2014,80.7
丹麦,高收入国家,2015,80.70243902
丹麦,高收入国家,2016,80.85365854
丹麦,高收入国家,2017,81.00487805
欧洲联盟,高收入国家,1960,69.29047523
欧洲联盟,高收入国家,1961,69.59970343
欧洲联盟,高收入国家,1962,69.52403056
欧洲联盟,高收入国家,1963,69.76786127
欧洲联盟,高收入国家,1964,70.23386622
欧洲联盟,高收入国家,1965,70.34373635
欧洲联盟,高收入国家,1966,70.57344078
欧洲联盟,高收入国家,1967,70.68265621
欧洲联盟,高收入国家,1968,70.728257
欧洲联盟,高收入国家,1969,70.6833296
欧洲联盟,高收入国家,1970,70.99867018
欧洲联盟,高收入国家,1971,71.10676461
欧洲联盟,高收入国家,1972,71.41484949
欧洲联盟,高收入国家,1973,71.53494021
欧洲联盟,高收入国家,1974,71.82557612
欧洲联盟,高收入国家,1975,71.92121801
欧洲联盟,高收入国家,1976,72.12566973
欧洲联盟,高收入国家,1977,72.40933474
欧洲联盟,高收入国家,1978,72.52424789
欧洲联盟,高收入国家,1979,72.76832251
欧洲联盟,高收入国家,1980,72.86311955
欧洲联盟,高收入国家,1981,73.20244457
欧洲联盟,高收入国家,1982,73.46406355
欧洲联盟,高收入国家,1983,73.5272421
欧洲联盟,高收入国家,1984,73.80245969
欧洲联盟,高收入国家,1985,73.87677091
欧洲联盟,高收入国家,1986,74.144908
欧洲联盟,高收入国家,1987,74.38815487
欧洲联盟,高收入国家,1988,74.57788459
欧洲联盟,高收入国家,1989,74.74372503
欧洲联盟,高收入国家,1990,74.86845016
欧洲联盟,高收入国家,1991,74.9686285
欧洲联盟,高收入国家,1992,75.28788947
欧洲联盟,高收入国家,1993,75.3958192
欧洲联盟,高收入国家,1994,75.69150135
欧洲联盟,高收入国家,1995,75.81582448
欧洲联盟,高收入国家,1996,76.06705169
欧洲联盟,高收入国家,1997,76.36140249
欧洲联盟,高收入国家,1998,76.59573699
欧洲联盟,高收入国家,1999,76.8258219
欧洲联盟,高收入国家,2000,77.1584252
欧洲联盟,高收入国家,2001,77.49405516
欧洲联盟,高收入国家,2002,77.60673668
欧洲联盟,高收入国家,2003,77.69438682
欧洲联盟,高收入国家,2004,78.19377286
欧洲联盟,高收入国家,2005,78.36572858
欧洲联盟,高收入国家,2006,78.73979368
欧洲联盟,高收入国家,2007,78.96911952
欧洲联盟,高收入国家,2008,79.183957
欧洲联盟,高收入国家,2009,79.44311802
欧洲联盟,高收入国家,2010,79.7256373
欧洲联盟,高收入国家,2011,80.2398704
欧洲联盟,高收入国家,2012,80.25122103
欧洲联盟,高收入国家,2013,80.53224137
欧洲联盟,高收入国家,2014,80.91933139
欧洲联盟,高收入国家,2015,80.62059281
欧洲联盟,高收入国家,2016,80.97470527
欧洲联盟,高收入国家,2017,80.99115581
德国,高收入国家,1960,69.31002439
德国,高收入国家,1961,69.508
德国,高收入国家,1962,69.69153659
德国,高收入国家,1963,69.85960976
德国,高收入国家,1964,70.01370732
德国,高收入国家,1965,70.15182927
德国,高收入国家,1966,70.27141463
德国,高收入国家,1967,70.374
德国,高收入国家,1968,70.46509756
德国,高收入国家,1969,70.55068293
德国,高收入国家,1970,70.63978049
德国,高收入国家,1971,70.74287805
德国,高收入国家,1972,70.867
德国,高收入国家,1973,71.01668293
德国,高收入国家,1974,71.19541463
德国,高收入国家,1975,71.40173171
德国,高收入国家,1976,71.63414634
德国,高收入国家,1977,71.88368293
德国,高收入国家,1978,72.14329268
德国,高收入国家,1979,72.40853659
德国,高收入国家,1980,72.67790244
德国,高收入国家,1981,72.95039024
德国,高收入国家,1982,73.227
德国,高收入国家,1983,73.50519512
德国,高收入国家,1984,73.78292683
德国,高收入国家,1985,74.05463415
德国,高收入国家,1986,74.31373171
德国,高收入国家,1987,74.55968293
德国,高收入国家,1988,74.7924878
德国,高收入国家,1989,75.01314634
德国,高收入国家,1990,75.2277561
德国,高收入国家,1991,75.3195122
德国,高收入国家,1992,75.8195122
德国,高收入国家,1993,75.87073171
德国,高收入国家,1994,76.27073171
德国,高收入国家,1995,76.42195122
德国,高收入国家,1996,76.67317073
德国,高收入国家,1997,77.07317073
德国,高收入国家,1998,77.47560976
德国,高收入国家,1999,77.72682927
德国,高收入国家,2000,77.92682927
德国,高收入国家,2001,78.32926829
德国,高收入国家,2002,78.22926829
德国,高收入国家,2003,78.3804878
德国,高收入国家,2004,78.6804878
德国,高收入国家,2005,78.93170732
德国,高收入国家,2006,79.13170732
德国,高收入国家,2007,79.53414634
德国,高收入国家,2008,79.73658537
德国,高收入国家,2009,79.83658537
德国,高收入国家,2010,79.98780488
德国,高收入国家,2011,80.43658537
德国,高收入国家,2012,80.53902439
德国,高收入国家,2013,80.4902439
德国,高收入国家,2014,81.0902439
德国,高收入国家,2015,80.64146341
德国,高收入国家,2016,80.9902439
德国,高收入国家,2017,80.9902439
塞浦路斯,高收入国家,1960,69.618
塞浦路斯,高收入国家,1961,69.949
塞浦路斯,高收入国家,1962,70.272
塞浦路斯,高收入国家,1963,70.587
塞浦路斯,高收入国家,1964,70.895
塞浦路斯,高收入国家,1965,71.197
塞浦路斯,高收入国家,1966,71.491
塞浦路斯,高收入国家,1967,71.776
塞浦路斯,高收入国家,1968,72.052
塞浦路斯,高收入国家,1969,72.318
塞浦路斯,高收入国家,1970,72.576
塞浦路斯,高收入国家,1971,72.825
塞浦路斯,高收入国家,1972,73.067
塞浦路斯,高收入国家,1973,73.302
塞浦路斯,高收入国家,1974,73.53
塞浦路斯,高收入国家,1975,73.753
塞浦路斯,高收入国家,1976,73.971
塞浦路斯,高收入国家,1977,74.183
塞浦路斯,高收入国家,1978,74.39
塞浦路斯,高收入国家,1979,74.592
塞浦路斯,高收入国家,1980,74.79
塞浦路斯,高收入国家,1981,74.983
塞浦路斯,高收入国家,1982,75.173
塞浦路斯,高收入国家,1983,75.358
塞浦路斯,高收入国家,1984,75.54
塞浦路斯,高收入国家,1985,75.718
塞浦路斯,高收入国家,1986,75.893
塞浦路斯,高收入国家,1987,76.064
塞浦路斯,高收入国家,1988,76.231
塞浦路斯,高收入国家,1989,76.394
塞浦路斯,高收入国家,1990,76.554
塞浦路斯,高收入国家,1991,76.712
塞浦路斯,高收入国家,1992,76.866
塞浦路斯,高收入国家,1993,77.017
塞浦路斯,高收入国家,1994,77.166
塞浦路斯,高收入国家,1995,77.312
塞浦路斯,高收入国家,1996,77.456
塞浦路斯,高收入国家,1997,77.598
塞浦路斯,高收入国家,1998,77.738
塞浦路斯,高收入国家,1999,77.875
塞浦路斯,高收入国家,2000,78.009
塞浦路斯,高收入国家,2001,78.139
塞浦路斯,高收入国家,2002,78.264
塞浦路斯,高收入国家,2003,78.385
塞浦路斯,高收入国家,2004,78.506
塞浦路斯,高收入国家,2005,78.63
塞浦路斯,高收入国家,2006,78.764
塞浦路斯,高收入国家,2007,78.91
塞浦路斯,高收入国家,2008,79.071
塞浦路斯,高收入国家,2009,79.245
塞浦路斯,高收入国家,2010,79.43
塞浦路斯,高收入国家,2011,79.621
塞浦路斯,高收入国家,2012,79.812
塞浦路斯,高收入国家,2013,79.999
塞浦路斯,高收入国家,2014,80.178
塞浦路斯,高收入国家,2015,80.35
塞浦路斯,高收入国家,2016,80.513
塞浦路斯,高收入国家,2017,80.672
卡塔尔,高收入国家,1960,61.094
卡塔尔,高收入国家,1961,61.851
卡塔尔,高收入国家,1962,62.61
卡塔尔,高收入国家,1963,63.369
卡塔尔,高收入国家,1964,64.123
卡塔尔,高收入国家,1965,64.866
卡塔尔,高收入国家,1966,65.588
卡塔尔,高收入国家,1967,66.282
卡塔尔,高收入国家,1968,66.942
卡塔尔,高收入国家,1969,67.567
卡塔尔,高收入国家,1970,68.156
卡塔尔,高收入国家,1971,68.713
卡塔尔,高收入国家,1972,69.245
卡塔尔,高收入国家,1973,69.758
卡塔尔,高收入国家,1974,70.254
卡塔尔,高收入国家,1975,70.734
卡塔尔,高收入国家,1976,71.198
卡塔尔,高收入国家,1977,71.644
卡塔尔,高收入国家,1978,72.072
卡塔尔,高收入国家,1979,72.48
卡塔尔,高收入国家,1980,72.869
卡塔尔,高收入国家,1981,73.239
卡塔尔,高收入国家,1982,73.589
卡塔尔,高收入国家,1983,73.922
卡塔尔,高收入国家,1984,74.237
卡塔尔,高收入国家,1985,74.537
卡塔尔,高收入国家,1986,74.821
卡塔尔,高收入国家,1987,75.091
卡塔尔,高收入国家,1988,75.349
卡塔尔,高收入国家,1989,75.593
卡塔尔,高收入国家,1990,75.824
卡塔尔,高收入国家,1991,76.041
卡塔尔,高收入国家,1992,76.241
卡塔尔,高收入国家,1993,76.427
卡塔尔,高收入国家,1994,76.599
卡塔尔,高收入国家,1995,76.759
卡塔尔,高收入国家,1996,76.909
卡塔尔,高收入国家,1997,77.052
卡塔尔,高收入国家,1998,77.19
卡塔尔,高收入国家,1999,77.327
卡塔尔,高收入国家,2000,77.467
卡塔尔,高收入国家,2001,77.612
卡塔尔,高收入国家,2002,77.762
卡塔尔,高收入国家,2003,77.919
卡塔尔,高收入国家,2004,78.083
卡塔尔,高收入国家,2005,78.252
卡塔尔,高收入国家,2006,78.425
卡塔尔,高收入国家,2007,78.601
卡塔尔,高收入国家,2008,78.775
卡塔尔,高收入国家,2009,78.945
卡塔尔,高收入国家,2010,79.108
卡塔尔,高收入国家,2011,79.26
卡塔尔,高收入国家,2012,79.399
卡塔尔,高收入国家,2013,79.527
卡塔尔,高收入国家,2014,79.646
卡塔尔,高收入国家,2015,79.758
卡塔尔,高收入国家,2016,79.868
卡塔尔,高收入国家,2017,79.981
哥斯达黎加,中高等收入国家,1960,60.381
哥斯达黎加,中高等收入国家,1961,61.018
哥斯达黎加,中高等收入国家,1962,61.638
哥斯达黎加,中高等收入国家,1963,62.236
哥斯达黎加,中高等收入国家,1964,62.807
哥斯达黎加,中高等收入国家,1965,63.348
哥斯达黎加,中高等收入国家,1966,63.862
哥斯达黎加,中高等收入国家,1967,64.358
哥斯达黎加,中高等收入国家,1968,64.847
哥斯达黎加,中高等收入国家,1969,65.339
哥斯达黎加,中高等收入国家,1970,65.844
哥斯达黎加,中高等收入国家,1971,66.378
哥斯达黎加,中高等收入国家,1972,66.943
哥斯达黎加,中高等收入国家,1973,67.541
哥斯达黎加,中高等收入国家,1974,68.17
哥斯达黎加,中高等收入国家,1975,68.825
哥斯达黎加,中高等收入国家,1976,69.501
哥斯达黎加,中高等收入国家,1977,70.182
哥斯达黎加,中高等收入国家,1978,70.853
哥斯达黎加,中高等收入国家,1979,71.501
哥斯达黎加,中高等收入国家,1980,72.113
哥斯达黎加,中高等收入国家,1981,72.678
哥斯达黎加,中高等收入国家,1982,73.193
哥斯达黎加,中高等收入国家,1983,73.657
哥斯达黎加,中高等收入国家,1984,74.07
哥斯达黎加,中高等收入国家,1985,74.429
哥斯达黎加,中高等收入国家,1986,74.738
哥斯达黎加,中高等收入国家,1987,75.006
哥斯达黎加,中高等收入国家,1988,75.243
哥斯达黎加,中高等收入国家,1989,75.456
哥斯达黎加,中高等收入国家,1990,75.654
哥斯达黎加,中高等收入国家,1991,75.844
哥斯达黎加,中高等收入国家,1992,76.028
哥斯达黎加,中高等收入国家,1993,76.211
哥斯达黎加,中高等收入国家,1994,76.394
哥斯达黎加,中高等收入国家,1995,76.579
哥斯达黎加,中高等收入国家,1996,76.765
哥斯达黎加,中高等收入国家,1997,76.948
哥斯达黎加,中高等收入国家,1998,77.124
哥斯达黎加,中高等收入国家,1999,77.293
哥斯达黎加,中高等收入国家,2000,77.452
哥斯达黎加,中高等收入国家,2001,77.601
哥斯达黎加,中高等收入国家,2002,77.74
哥斯达黎加,中高等收入国家,2003,77.871
哥斯达黎加,中高等收入国家,2004,77.996
哥斯达黎加,中高等收入国家,2005,78.117
哥斯达黎加,中高等收入国家,2006,78.239
哥斯达黎加,中高等收入国家,2007,78.362
哥斯达黎加,中高等收入国家,2008,78.491
哥斯达黎加,中高等收入国家,2009,78.626
哥斯达黎加,中高等收入国家,2010,78.769
哥斯达黎加,中高等收入国家,2011,78.919
哥斯达黎加,中高等收入国家,2012,79.074
哥斯达黎加,中高等收入国家,2013,79.234
哥斯达黎加,中高等收入国家,2014,79.398
哥斯达黎加,中高等收入国家,2015,79.565
哥斯达黎加,中高等收入国家,2016,79.738
哥斯达黎加,中高等收入国家,2017,79.914
智利,高收入国家,1960,57.219
智利,高收入国家,1961,57.616
智利,高收入国家,1962,58.031
智利,高收入国家,1963,58.467
智利,高收入国家,1964,58.927
智利,高收入国家,1965,59.415
智利,高收入国家,1966,59.931
智利,高收入国家,1967,60.474
智利,高收入国家,1968,61.044
智利,高收入国家,1969,61.637
智利,高收入国家,1970,62.254
智利,高收入国家,1971,62.895
智利,高收入国家,1972,63.555
智利,高收入国家,1973,64.231
智利,高收入国家,1974,64.917
智利,高收入国家,1975,65.609
智利,高收入国家,1976,66.307
智利,高收入国家,1977,67.005
智利,高收入国家,1978,67.698
智利,高收入国家,1979,68.378
智利,高收入国家,1980,69.033
智利,高收入国家,1981,69.655
智利,高收入国家,1982,70.239
智利,高收入国家,1983,70.782
智利,高收入国家,1984,71.282
智利,高收入国家,1985,71.737
智利,高收入国家,1986,72.148
智利,高收入国家,1987,72.524
智利,高收入国家,1988,72.872
智利,高收入国家,1989,73.198
智利,高收入国家,1990,73.509
智利,高收入国家,1991,73.808
智利,高收入国家,1992,74.1
智利,高收入国家,1993,74.386
智利,高收入国家,1994,74.671
智利,高收入国家,1995,74.957
智利,高收入国家,1996,75.244
智利,高收入国家,1997,75.53
智利,高收入国家,1998,75.813
智利,高收入国家,1999,76.092
智利,高收入国家,2000,76.366
智利,高收入国家,2001,76.634
智利,高收入国家,2002,76.894
智利,高收入国家,2003,77.146
智利,高收入国家,2004,77.391
智利,高收入国家,2005,77.63
智利,高收入国家,2006,77.865
智利,高收入国家,2007,78.099
智利,高收入国家,2008,78.33
智利,高收入国家,2009,78.558
智利,高收入国家,2010,78.779
智利,高收入国家,2011,78.986
智利,高收入国家,2012,79.176
智利,高收入国家,2013,79.349
智利,高收入国家,2014,79.504
智利,高收入国家,2015,79.646
智利,高收入国家,2016,79.779
智利,高收入国家,2017,79.909
中国,中高等收入国家,1960,43.725
中国,中高等收入国家,1961,44.051
中国,中高等收入国家,1962,44.783
中国,中高等收入国家,1963,45.972
中国,中高等收入国家,1964,47.592
中国,中高等收入国家,1965,49.549
中国,中高等收入国家,1966,51.696
中国,中高等收入国家,1967,53.847
中国,中高等收入国家,1968,55.843
中国,中高等收入国家,1969,57.603
中国,中高等收入国家,1970,59.085
中国,中高等收入国家,1971,60.303
中国,中高等收入国家,1972,61.344
中国,中高等收入国家,1973,62.281
中国,中高等收入国家,1974,63.134
中国,中高等收入国家,1975,63.915
中国,中高等收入国家,1976,64.631
中国,中高等收入国家,1977,65.278
中国,中高等收入国家,1978,65.857
中国,中高等收入国家,1979,66.377
中国,中高等收入国家,1980,66.844
中国,中高等收入国家,1981,67.26
中国,中高等收入国家,1982,67.627
中国,中高等收入国家,1983,67.949
中国,中高等收入国家,1984,68.231
中国,中高等收入国家,1985,68.473
中国,中高等收入国家,1986,68.673
中国,中高等收入国家,1987,68.831
中国,中高等收入国家,1988,68.954
中国,中高等收入国家,1989,69.054
中国,中高等收入国家,1990,69.145
中国,中高等收入国家,1991,69.242
中国,中高等收入国家,1992,69.355
中国,中高等收入国家,1993,69.496
中国,中高等收入国家,1994,69.67
中国,中高等收入国家,1995,69.885
中国,中高等收入国家,1996,70.14
中国,中高等收入国家,1997,70.428
中国,中高等收入国家,1998,70.737
中国,中高等收入国家,1999,71.063
中国,中高等收入国家,2000,71.397
中国,中高等收入国家,2001,71.732
中国,中高等收入国家,2002,72.061
中国,中高等收入国家,2003,72.381
中国,中高等收入国家,2004,72.689
中国,中高等收入国家,2005,72.985
中国,中高等收入国家,2006,73.271
中国,中高等收入国家,2007,73.553
中国,中高等收入国家,2008,73.835
中国,中高等收入国家,2009,74.119
中国,中高等收入国家,2010,74.409
中国,中高等收入国家,2011,74.708
中国,中高等收入国家,2012,75.013
中国,中高等收入国家,2013,75.321
中国,中高等收入国家,2014,75.629
中国,中高等收入国家,2015,75.928
中国,中高等收入国家,2016,76.21
中国,中高等收入国家,2017,76.47
圣马丁（法属）,高收入国家,1982,73.2195122
圣马丁（法属）,高收入国家,1983,72.76829268
圣马丁（法属）,高收入国家,1984,72.9195122
圣马丁（法属）,高收入国家,1985,72.66829268
圣马丁（法属）,高收入国家,1986,73.5195122
圣马丁（法属）,高收入国家,1987,73.67073171
圣马丁（法属）,高收入国家,1988,74.27073171
圣马丁（法属）,高收入国家,1989,74.32195122
圣马丁（法属）,高收入国家,1990,74.52195122
圣马丁（法属）,高收入国家,1991,75.92439024
圣马丁（法属）,高收入国家,1992,75.42439024
圣马丁（法属）,高收入国家,1993,75.57317073
圣马丁（法属）,高收入国家,1994,75.82195122
圣马丁（法属）,高收入国家,1995,75.97073171
圣马丁（法属）,高收入国家,1996,76.17073171
圣马丁（法属）,高收入国家,1997,76.37073171
圣马丁（法属）,高收入国家,1998,76.57073171
圣马丁（法属）,高收入国家,1999,76.77073171
圣马丁（法属）,高收入国家,2000,76.97073171
圣马丁（法属）,高收入国家,2001,77.17073171
圣马丁（法属）,高收入国家,2002,77.37073171
圣马丁（法属）,高收入国家,2003,77.57073171
圣马丁（法属）,高收入国家,2004,77.72195122
圣马丁（法属）,高收入国家,2005,77.87073171
圣马丁（法属）,高收入国家,2006,78.07073171
圣马丁（法属）,高收入国家,2007,78.22195122
圣马丁（法属）,高收入国家,2008,78.37073171
圣马丁（法属）,高收入国家,2009,78.57073171
圣马丁（法属）,高收入国家,2010,78.72195122
圣马丁（法属）,高收入国家,2011,78.87073171
圣马丁（法属）,高收入国家,2012,79.02195122
圣马丁（法属）,高收入国家,2013,79.17073171
圣马丁（法属）,高收入国家,2014,79.32195122
圣马丁（法属）,高收入国家,2015,79.47073171
圣马丁（法属）,高收入国家,2016,79.62195122
圣马丁（法属）,高收入国家,2017,79.72195122
波多黎各,高收入国家,1960,68.71960976
波多黎各,高收入国家,1961,68.94317073
波多黎各,高收入国家,1962,69.14543902
波多黎各,高收入国家,1963,69.356
波多黎各,高收入国家,1964,69.59329268
波多黎各,高收入国家,1965,69.8707561
波多黎各,高收入国家,1966,70.18670732
波多黎各,高收入国家,1967,70.5235122
波多黎各,高收入国家,1968,70.86414634
波多黎各,高收入国家,1969,71.20260976
波多黎各,高收入国家,1970,71.53553659
波多黎各,高收入国家,1971,71.85909756
波多黎各,高收入国家,1972,72.16946341
波多黎各,高收入国家,1973,72.46473171
波多黎各,高收入国家,1974,72.73790244
波多黎各,高收入国家,1975,72.98246341
波多黎各,高收入国家,1976,73.19082927
波多黎各,高收入国家,1977,73.36131707
波多黎各,高收入国家,1978,73.49873171
波多黎各,高收入国家,1979,73.60643902
波多黎各,高收入国家,1980,73.7002439
波多黎各,高收入国家,1981,73.79746341
波多黎各,高收入国家,1982,73.90858537
波多黎各,高收入国家,1983,74.03663415
波多黎各,高收入国家,1984,74.17763415
波多黎各,高收入国家,1985,74.30919512
波多黎各,高收入国家,1986,74.40039024
波多黎各,高收入国家,1987,74.43097561
波多黎各,高收入国家,1988,74.39409756
波多黎各,高收入国家,1989,74.29895122
波多黎各,高收入国家,1990,74.16917073
波多黎各,高收入国家,1991,74.03880488
波多黎各,高收入国家,1992,73.94636585
波多黎各,高收入国家,1993,73.92087805
波多黎各,高收入国家,1994,73.97690244
波多黎各,高收入国家,1995,74.12456098
波多黎各,高收入国家,1996,74.36146341
波多黎各,高收入国家,1997,74.66404878
波多黎各,高收入国家,1998,75.00729268
波多黎各,高收入国家,1999,75.3754878
波多黎各,高收入国家,2000,76.68926829
波多黎各,高收入国家,2001,77.06682927
波多黎各,高收入国家,2002,77.7604878
波多黎各,高收入国家,2003,78.07121951
波多黎各,高收入国家,2004,78.17585366
波多黎各,高收入国家,2005,78.29609756
波多黎各,高收入国家,2006,78.41634146
波多黎各,高收入国家,2007,78.42585366
波多黎各,高收入国家,2008,77.96292683
波多黎各,高收入国家,2009,78.191
波多黎各,高收入国家,2010,78.41909756
波多黎各,高收入国家,2011,78.64065854
波多黎各,高收入国家,2012,78.84758537
波多黎各,高收入国家,2013,79.03434146
波多黎各,高收入国家,2014,79.20246341
波多黎各,高收入国家,2015,79.3534878
波多黎各,高收入国家,2016,79.49497561
波多黎各,高收入国家,2017,79.63453659
关岛,高收入国家,1960,60.97
关岛,高收入国家,1961,61.481
关岛,高收入国家,1962,61.986
关岛,高收入国家,1963,62.482
关岛,高收入国家,1964,62.968
关岛,高收入国家,1965,63.443
关岛,高收入国家,1966,63.907
关岛,高收入国家,1967,64.361
关岛,高收入国家,1968,64.805
关岛,高收入国家,1969,65.239
关岛,高收入国家,1970,65.662
关岛,高收入国家,1971,66.074
关岛,高收入国家,1972,66.473
关岛,高收入国家,1973,66.86
关岛,高收入国家,1974,67.235
关岛,高收入国家,1975,67.599
关岛,高收入国家,1976,67.951
关岛,高收入国家,1977,68.292
关岛,高收入国家,1978,68.624
关岛,高收入国家,1979,68.947
关岛,高收入国家,1980,69.262
关岛,高收入国家,1981,69.567
关岛,高收入国家,1982,69.864
关岛,高收入国家,1983,70.151
关岛,高收入国家,1984,70.431
关岛,高收入国家,1985,70.701
关岛,高收入国家,1986,70.96
关岛,高收入国家,1987,71.209
关岛,高收入国家,1988,71.45
关岛,高收入国家,1989,71.687
关岛,高收入国家,1990,71.925
关岛,高收入国家,1991,72.167
关岛,高收入国家,1992,72.42
关岛,高收入国家,1993,72.685
关岛,高收入国家,1994,72.967
关岛,高收入国家,1995,73.267
关岛,高收入国家,1996,73.589
关岛,高收入国家,1997,73.93
关岛,高收入国家,1998,74.283
关岛,高收入国家,1999,74.646
关岛,高收入国家,2000,75.011
关岛,高收入国家,2001,75.373
关岛,高收入国家,2002,75.726
关岛,高收入国家,2003,76.065
关岛,高收入国家,2004,76.387
关岛,高收入国家,2005,76.687
关岛,高收入国家,2006,76.966
关岛,高收入国家,2007,77.227
关岛,高收入国家,2008,77.474
关岛,高收入国家,2009,77.71
关岛,高收入国家,2010,77.941
关岛,高收入国家,2011,78.173
关岛,高收入国家,2012,78.408
关岛,高收入国家,2013,78.649
关岛,高收入国家,2014,78.895
关岛,高收入国家,2015,79.144
关岛,高收入国家,2016,79.391
关岛,高收入国家,2017,79.631
捷克共和国,高收入国家,1960,70.34878049
捷克共和国,高收入国家,1961,70.51268293
捷克共和国,高收入国家,1962,69.78682927
捷克共和国,高收入国家,1963,70.30439024
捷克共和国,高收入国家,1964,70.4595122
捷克共和国,高收入国家,1965,70.16317073
捷克共和国,高收入国家,1966,70.38487805
捷克共和国,高收入国家,1967,70.26414634
捷克共和国,高收入国家,1968,69.84073171
捷克共和国,高收入国家,1969,69.36707317
捷克共和国,高收入国家,1970,69.4402439
捷克共和国,高收入国家,1971,69.67707317
捷克共和国,高收入国家,1972,70.17658537
捷克共和国,高收入国家,1973,70.02268293
捷克共和国,高收入国家,1974,70.08658537
捷克共和国,高收入国家,1975,70.41463415
捷克共和国,高收入国家,1976,70.53268293
捷克共和国,高收入国家,1977,70.57341463
捷克共和国,高收入国家,1978,70.64390244
捷克共和国,高收入国家,1979,70.7495122
捷克共和国,高收入国家,1980,70.27804878
捷克共和国,高收入国家,1981,70.72219512
捷克共和国,高收入国家,1982,70.80780488
捷克共和国,高收入国家,1983,70.59146341
捷克共和国,高收入国家,1984,70.83756098
捷克共和国,高收入国家,1985,71.04634146
捷克共和国,高收入国家,1986,70.99731707
捷克共和国,高收入国家,1987,71.44560976
捷克共和国,高收入国家,1988,71.64146341
捷克共和国,高收入国家,1989,71.67560976
捷克共和国,高收入国家,1990,71.38390244
捷克共和国,高收入国家,1991,71.89829268
捷克共和国,高收入国家,1992,72.27170732
捷克共和国,高收入国家,1993,72.76780488
捷克共和国,高收入国家,1994,72.97268293
捷克共和国,高收入国家,1995,73.07487805
捷克共和国,高收入国家,1996,73.71463415
捷克共和国,高收入国家,1997,73.82487805
捷克共和国,高收入国家,1998,74.51463415
捷克共和国,高收入国家,1999,74.66829268
捷克共和国,高收入国家,2000,74.96829268
捷克共和国,高收入国家,2001,75.17317073
捷克共和国,高收入国家,2002,75.22195122
捷克共和国,高收入国家,2003,75.17073171
捷克共和国,高收入国家,2004,75.72195122
捷克共和国,高收入国家,2005,75.92439024
捷克共和国,高收入国家,2006,76.52439024
捷克共和国,高收入国家,2007,76.72439024
捷克共和国,高收入国家,2008,76.97560976
捷克共和国,高收入国家,2009,77.07804878
捷克共和国,高收入国家,2010,77.42439024
捷克共和国,高收入国家,2011,77.87317073
捷克共和国,高收入国家,2012,78.07560976
捷克共和国,高收入国家,2013,78.17560976
捷克共和国,高收入国家,2014,78.82439024
捷克共和国,高收入国家,2015,78.57804878
捷克共和国,高收入国家,2016,79.02682927
捷克共和国,高收入国家,2017,79.47560976
美属维京群岛,高收入国家,1960,66.22485366
美属维京群岛,高收入国家,1961,66.48797561
美属维京群岛,高收入国家,1962,66.74109756
美属维京群岛,高收入国家,1963,66.99621951
美属维京群岛,高收入国家,1964,67.26036585
美属维京群岛,高收入国家,1965,67.5405122
美属维京群岛,高收入国家,1966,67.83512195
美属维京群岛,高收入国家,1967,68.13819512
美属维京群岛,高收入国家,1968,68.44273171
美属维京群岛,高收入国家,1969,68.74821951
美属维京群岛,高收入国家,1970,69.05119512
美属维京群岛,高收入国家,1971,69.35114634
美属维京群岛,高收入国家,1972,69.64660976
美属维京群岛,高收入国家,1973,69.93558537
美属维京群岛,高收入国家,1974,70.21758537
美属维京群岛,高收入国家,1975,70.49007317
美属维京群岛,高收入国家,1976,70.75053659
美属维京群岛,高收入国家,1977,70.99992683
美属维京群岛,高收入国家,1978,71.2392439
美属维京群岛,高收入国家,1979,71.47097561
美属维京群岛,高收入国家,1980,71.70012195
美属维京群岛,高收入国家,1981,71.93070732
美属维京群岛,高收入国家,1982,72.1662439
美属维京群岛,高收入国家,1983,72.4102439
美属维京群岛,高收入国家,1984,72.66221951
美属维京群岛,高收入国家,1985,72.92217073
美属维京群岛,高收入国家,1986,73.18704878
美属维京群岛,高收入国家,1987,73.45385366
美属维京群岛,高收入国家,1988,73.71758537
美属维京群岛,高收入国家,1989,73.9782439
美属维京群岛,高收入国家,1990,74.23585366
美属维京群岛,高收入国家,1991,74.49195122
美属维京群岛,高收入国家,1992,74.74704878
美属维京群岛,高收入国家,1993,75.00265854
美属维京群岛,高收入国家,1994,75.25729268
美属维京群岛,高收入国家,1995,75.50992683
美属维京群岛,高收入国家,1996,75.75902439
美属维京群岛,高收入国家,1997,76.00253659
美属维京群岛,高收入国家,1998,76.23697561
美属维京群岛,高收入国家,1999,76.46185366
美属维京群岛,高收入国家,2000,76.6195122
美属维京群岛,高收入国家,2001,77.67317073
美属维京群岛,高收入国家,2002,77.62195122
美属维京群岛,高收入国家,2003,77.57317073
美属维京群岛,高收入国家,2004,77.87317073
美属维京群岛,高收入国家,2005,77.42195122
美属维京群岛,高收入国家,2006,78.47560976
美属维京群岛,高收入国家,2007,76.86097561
美属维京群岛,高收入国家,2008,77.26341463
美属维京群岛,高收入国家,2009,77.61463415
美属维京群岛,高收入国家,2010,77.96585366
美属维京群岛,高收入国家,2011,78.41707317
美属维京群岛,高收入国家,2012,78.66829268
美属维京群岛,高收入国家,2013,78.86829268
美属维京群岛,高收入国家,2014,78.96829268
美属维京群岛,高收入国家,2015,79.16829268
美属维京群岛,高收入国家,2016,79.26829268
美属维京群岛,高收入国家,2017,79.4195122
巴巴多斯,高收入国家,1960,64.472
巴巴多斯,高收入国家,1961,65.198
巴巴多斯,高收入国家,1962,65.831
巴巴多斯,高收入国家,1963,66.381
巴巴多斯,高收入国家,1964,66.86
巴巴多斯,高收入国家,1965,67.275
巴巴多斯,高收入国家,1966,67.628
巴巴多斯,高收入国家,1967,67.928
巴巴多斯,高收入国家,1968,68.187
巴巴多斯,高收入国家,1969,68.421
巴巴多斯,高收入国家,1970,68.65
巴巴多斯,高收入国家,1971,68.89
巴巴多斯,高收入国家,1972,69.149
巴巴多斯,高收入国家,1973,69.436
巴巴多斯,高收入国家,1974,69.756
巴巴多斯,高收入国家,1975,70.113
巴巴多斯,高收入国家,1976,70.509
巴巴多斯,高收入国家,1977,70.931
巴巴多斯,高收入国家,1978,71.364
巴巴多斯,高收入国家,1979,71.8
巴巴多斯,高收入国家,1980,72.222
巴巴多斯,高收入国家,1981,72.618
巴巴多斯,高收入国家,1982,72.98
巴巴多斯,高收入国家,1983,73.303
巴巴多斯,高收入国家,1984,73.585
巴巴多斯,高收入国家,1985,73.825
巴巴多斯,高收入国家,1986,74.029
巴巴多斯,高收入国家,1987,74.206
巴巴多斯,高收入国家,1988,74.372
巴巴多斯,高收入国家,1989,74.534
巴巴多斯,高收入国家,1990,74.704
巴巴多斯,高收入国家,1991,74.892
巴巴多斯,高收入国家,1992,75.101
巴巴多斯,高收入国家,1993,75.332
巴巴多斯,高收入国家,1994,75.583
巴巴多斯,高收入国家,1995,75.852
巴巴多斯,高收入国家,1996,76.131
巴巴多斯,高收入国家,1997,76.41
巴巴多斯,高收入国家,1998,76.68
巴巴多斯,高收入国家,1999,76.933
巴巴多斯,高收入国家,2000,77.162
巴巴多斯,高收入国家,2001,77.362
巴巴多斯,高收入国家,2002,77.534
巴巴多斯,高收入国家,2003,77.682
巴巴多斯,高收入国家,2004,77.808
巴巴多斯,高收入国家,2005,77.915
巴巴多斯,高收入国家,2006,78.009
巴巴多斯,高收入国家,2007,78.097
巴巴多斯,高收入国家,2008,78.184
巴巴多斯,高收入国家,2009,78.272
巴巴多斯,高收入国家,2010,78.364
巴巴多斯,高收入国家,2011,78.456
巴巴多斯,高收入国家,2012,78.547
巴巴多斯,高收入国家,2013,78.633
巴巴多斯,高收入国家,2014,78.717
巴巴多斯,高收入国家,2015,78.801
巴巴多斯,高收入国家,2016,78.888
巴巴多斯,高收入国家,2017,78.981
北美,高收入国家,1960,69.89360376
北美,高收入国家,1961,70.36801738
北美,高收入国家,1962,70.2327068
北美,高收入国家,1963,70.05038739
北美,高收入国家,1964,70.31320505
北美,高收入国家,1965,70.36672191
北美,高收入国家,1966,70.37807047
北美,高收入国家,1967,70.71438226
北美,高收入国家,1968,70.17624157
北美,高收入国家,1969,70.69476442
北美,高收入国家,1970,70.9854796
北美,高收入国家,1971,71.2911399
北美,高收入国家,1972,71.32627262
北美,高收入国家,1973,71.52944731
北美,高收入国家,1974,72.07959682
北美,高收入国家,1975,72.69361493
北美,高收入国家,1976,72.95320432
北美,高收入国家,1977,73.34941115
北美,高收入国家,1978,73.47017107
北美,高收入国家,1979,73.90794075
北美,高收入国家,1980,73.75243079
北美,高收入国家,1981,74.15164237
北美,高收入国家,1982,74.49815471
北美,高收入国家,1983,74.6202615
北美,高收入国家,1984,74.72538912
北美,高收入国家,1985,74.74024503
北美,高收入国家,1986,74.80137957
北美,高收入国家,1987,74.9581156
北美,高收入国家,1988,74.97854162
北美,高收入国家,1989,75.22629846
北美,高收入国家,1990,75.43504527
北美,高收入国家,1991,75.59061834
北美,高收入国家,1992,75.82693748
北美,高收入国家,1993,75.65853666
北美,高收入国家,1994,75.838642
北美,高收入国家,1995,75.86060025
北美,高收入国家,1996,76.24010485
北美,高收入国家,1997,76.62719351
北美,高收入国家,1998,76.78286222
北美,高收入国家,1999,76.80913164
北美,高收入国家,2000,76.88199634
北美,高收入国家,2001,77.08241004
北美,高收入国家,2002,77.18781814
北美,高收入国家,2003,77.30281077
北美,高收入国家,2004,77.72448798
北美,高收入国家,2005,77.75408225
北美,高收入国家,2006,77.94939267
北美,高收入国家,2007,78.23954847
北美,高收入国家,2008,78.3009808
北美,高收入国家,2009,78.64772827
北美,高收入国家,2010,78.80945636
北美,高收入国家,2011,78.92056171
北美,高收入国家,2012,79.03148085
北美,高收入国家,2013,79.04221191
北美,高收入国家,2014,79.13808284
北美,高收入国家,2015,79.01211102
北美,高收入国家,2016,78.9016844
北美,高收入国家,2017,78.9142768
黎巴嫩,中高等收入国家,1960,63.267
黎巴嫩,中高等收入国家,1961,63.575
黎巴嫩,中高等收入国家,1962,63.871
黎巴嫩,中高等收入国家,1963,64.157
黎巴嫩,中高等收入国家,1964,64.435
黎巴嫩,中高等收入国家,1965,64.709
黎巴嫩,中高等收入国家,1966,64.982
黎巴嫩,中高等收入国家,1967,65.255
黎巴嫩,中高等收入国家,1968,65.528
黎巴嫩,中高等收入国家,1969,65.8
黎巴嫩,中高等收入国家,1970,66.067
黎巴嫩,中高等收入国家,1971,66.323
黎巴嫩,中高等收入国家,1972,66.565
黎巴嫩,中高等收入国家,1973,66.789
黎巴嫩,中高等收入国家,1974,66.995
黎巴嫩,中高等收入国家,1975,67.183
黎巴嫩,中高等收入国家,1976,67.352
黎巴嫩,中高等收入国家,1977,67.507
黎巴嫩,中高等收入国家,1978,67.656
黎巴嫩,中高等收入国家,1979,67.802
黎巴嫩,中高等收入国家,1980,67.952
黎巴嫩,中高等收入国家,1981,68.113
黎巴嫩,中高等收入国家,1982,68.287
黎巴嫩,中高等收入国家,1983,68.478
黎巴嫩,中高等收入国家,1984,68.689
黎巴嫩,中高等收入国家,1985,68.918
黎巴嫩,中高等收入国家,1986,69.163
黎巴嫩,中高等收入国家,1987,69.42
黎巴嫩,中高等收入国家,1988,69.689
黎巴嫩,中高等收入国家,1989,69.969
黎巴嫩,中高等收入国家,1990,70.266
黎巴嫩,中高等收入国家,1991,70.584
黎巴嫩,中高等收入国家,1992,70.929
黎巴嫩,中高等收入国家,1993,71.3
黎巴嫩,中高等收入国家,1994,71.699
黎巴嫩,中高等收入国家,1995,72.125
黎巴嫩,中高等收入国家,1996,72.576
黎巴嫩,中高等收入国家,1997,73.046
黎巴嫩,中高等收入国家,1998,73.528
黎巴嫩,中高等收入国家,1999,74.017
黎巴嫩,中高等收入国家,2000,74.507
黎巴嫩,中高等收入国家,2001,74.999
黎巴嫩,中高等收入国家,2002,75.488
黎巴嫩,中高等收入国家,2003,75.969
黎巴嫩,中高等收入国家,2004,76.432
黎巴嫩,中高等收入国家,2005,76.865
黎巴嫩,中高等收入国家,2006,77.26
黎巴嫩,中高等收入国家,2007,77.609
黎巴嫩,中高等收入国家,2008,77.911
黎巴嫩,中高等收入国家,2009,78.161
黎巴嫩,中高等收入国家,2010,78.36
黎巴嫩,中高等收入国家,2011,78.507
黎巴嫩,中高等收入国家,2012,78.611
黎巴嫩,中高等收入国家,2013,78.683
黎巴嫩,中高等收入国家,2014,78.732
黎巴嫩,中高等收入国家,2015,78.768
黎巴嫩,中高等收入国家,2016,78.8
黎巴嫩,中高等收入国家,2017,78.833
美国,高收入国家,1960,69.77073171
美国,高收入国家,1961,70.27073171
美国,高收入国家,1962,70.1195122
美国,高收入国家,1963,69.91707317
美国,高收入国家,1964,70.16585366
美国,高收入国家,1965,70.21463415
美国,高收入国家,1966,70.21219512
美国,高收入国家,1967,70.56097561
美国,高收入国家,1968,69.95121951
美国,高收入国家,1969,70.50731707
美国,高收入国家,1970,70.80731707
美国,高收入国家,1971,71.10731707
美国,高收入国家,1972,71.15609756
美国,高收入国家,1973,71.35609756
美国,高收入国家,1974,71.95609756
美国,高收入国家,1975,72.60487805
美国,高收入国家,1976,72.85609756
美国,高收入国家,1977,73.25609756
美国,高收入国家,1978,73.35609756
美国,高收入国家,1979,73.80487805
美国,高收入国家,1980,73.6097561
美国,高收入国家,1981,74.0097561
美国,高收入国家,1982,74.36097561
美国,高收入国家,1983,74.46341463
美国,高收入国家,1984,74.56341463
美国,高收入国家,1985,74.56341463
美国,高收入国家,1986,74.61463415
美国,高收入国家,1987,74.76585366
美国,高收入国家,1988,74.76585366
美国,高收入国家,1989,75.01707317
美国,高收入国家,1990,75.21463415
美国,高收入国家,1991,75.36585366
美国,高收入国家,1992,75.61707317
美国,高收入国家,1993,75.4195122
美国,高收入国家,1994,75.6195122
美国,高收入国家,1995,75.62195122
美国,高收入国家,1996,76.02682927
美国,高收入国家,1997,76.42926829
美国,高收入国家,1998,76.5804878
美国,高收入国家,1999,76.58292683
美国,高收入国家,2000,76.63658537
美国,高收入国家,2001,76.83658537
美国,高收入国家,2002,76.93658537
美国,高收入国家,2003,77.03658537
美国,高收入国家,2004,77.48780488
美国,高收入国家,2005,77.48780488
美国,高收入国家,2006,77.68780488
美国,高收入国家,2007,77.98780488
美国,高收入国家,2008,78.03902439
美国,高收入国家,2009,78.3902439
美国,高收入国家,2010,78.54146341
美国,高收入国家,2011,78.64146341
美国,高收入国家,2012,78.74146341
美国,高收入国家,2013,78.74146341
美国,高收入国家,2014,78.84146341
美国,高收入国家,2015,78.6902439
美国,高收入国家,2016,78.53902439
美国,高收入国家,2017,78.53902439
